,title,max_players,genres,publisher,sales_metric,price,review_raiting,console,age_raiting,year
0,Super Mario 64 DS,1,Action,Nintendo,4.69,24.95,85,Nintendo DS,E,2004
1,Lumines: Puzzle Fusion,1,Strategy,Ubisoft,0.56,14.95,89,Sony PSP,E,2004
2,WarioWare Touched!,2,"Action,Racing / Driving,Sports",Nintendo,0.54,22.95,81,Nintendo DS,E,2004
3,Hot Shots Golf: Open Tee,1,Sports,Sony,0.49,12.95,81,Sony PSP,E,2004
4,Spider-Man 2,1,Action,Activision,0.45,14.95,61,Nintendo DS,E,2004
5,The Urbz: Sims in the City,1,Simulation,EA,0.41,12.95,67,Nintendo DS,M,2004
6,Ridge Racer,1,Racing / Driving,Namco,0.36,19.95,88,Sony PSP,E,2004
7,Metal Gear Ac!d,1,Strategy,Konami,0.34,17.95,75,Sony PSP,E,2004
8,Madden NFL 2005,1,Sports,EA,0.25,8.95,68,Nintendo DS,T,2004
9,Pokmon Dash,1,Racing / Driving,Nintendo,0.22,24.95,46,Nintendo DS,T,2004
10,Dynasty Warriors,1,"Action,Adventure,Role-Playing (RPG)",,0.2,14.95,62,Sony PSP,E,2004
11,Feel the Magic XY/XX,1,"Action,Adventure,Racing / Driving,Sports",Sega,0.16,8.95,75,Nintendo DS,T,2004
12,Ridge Racer DS,1,Racing / Driving,Namco,0.15,9.95,63,Nintendo DS,E,2004
13,Darkstalkers Chronicle: The Chaos Tower,1,Action,Capcom,0.14,14.95,74,Sony PSP,E,2004
14,Ape Escape Academy,4,"Action,Sports",Sony,0.13,14.95,51,Sony PSP,E,2004
15,Polarium,1,Strategy,Nintendo,0.12,8.95,73,Nintendo DS,E,2004
16,Asphalt: Urban GT,1,"Racing / Driving,Simulation",Ubisoft,0.11,14.95,60,Nintendo DS,E,2004
17,Zoo Keeper,1,Action,,0.1,14.95,74,Nintendo DS,T,2004
18,Mr. DRILLER: Drill Spirits,1,Action,Namco,0.09,14.95,72,Nintendo DS,T,2004
19,Sprung,1,Adventure,Ubisoft,0.06,8.95,48,Nintendo DS,E,2004
20,Armored Core: Formula Front - Extreme Battle,1,"Action,Strategy",,0.05,16.95,66,Sony PSP,E,2004
21,Puyo Pop Fever,1,"Action,Strategy",Sega,0.04,19.95,76,Nintendo DS,E,2004
22,Mario Kart DS,1,Racing / Driving,Nintendo,9.99,29.95,91,Nintendo DS,E,2005
23,Nintendogs,1,Simulation,Nintendo,9.72,26.95,83,Nintendo DS,E,2005
24,Brain Age: Train Your Brain in Minutes a Day!,1,Action,Nintendo,5.07,17.95,77,Nintendo DS,M,2005
25,Brain Agey: More Training in Minutes a Day!,1,Action,Nintendo,3.65,17.95,77,Nintendo DS,E,2005
26,Grand Theft Auto: Liberty City Stories,1,"Action,Racing / Driving","Capcom,Rockstar",2.97,17.95,88,Sony PSP,E,2005
27,Animal Crossing: Wild World,1,Simulation,Nintendo,2.6,24.95,86,Nintendo DS,T,2005
28,Big Brain Academy,1,Action,Nintendo,1.77,16.95,74,Nintendo DS,E,2005
29,Call of Duty 2,4,Action,"Activision,Konami",1.69,17.95,89,X360,E,2005
30,Midnight Club 3: DUB Edition,1,Racing / Driving,Rockstar,1.69,14.95,74,Sony PSP,T,2005
31,Need for Speed: Most Wanted 5-1-0,1,Racing / Driving,EA,1.67,14.95,72,Sony PSP,M,2005
32,Pokmon Mystery Dungeon: Blue Rescue Team,1,Role-Playing (RPG),Nintendo,1.22,14.95,62,Nintendo DS,T,2005
33,Sonic Rush,1,Action,Sega,1.2,14.95,82,Nintendo DS,E,2005
34,Star Wars: Battlefront II,1,Action,,1.09,16.95,69,Sony PSP,E,2005
35,SOCOM: U.S. Navy SEALs - Fireteam Bravo,1,Action,Sony,1.07,14.95,82,Sony PSP,E,2005
36,Need for Speed: Most Wanted,2,Racing / Driving,EA,0.95,17.95,83,X360,E,2005
37,Zoo Tycoon DS,1,"Simulation,Strategy",THQ,0.92,12.95,44,Nintendo DS,T,2005
38,The Sims 2,1,"Role-Playing (RPG),Simulation",EA,0.83,17.95,70,Nintendo DS,M,2005
39,Mario & Luigi: Partners in Time,1,"Action,Role-Playing (RPG)",Nintendo,0.75,29.95,86,Nintendo DS,E,2005
40,Madden NFL 06,1,Sports,EA,0.75,7.95,75,Sony PSP,E,2005
41,Need for Speed Underground: Rivals,4,Racing / Driving,EA,0.73,17.95,74,Sony PSP,E,2005
42,Twisted Metal: Head-On,1,"Action,Racing / Driving",Sony,0.73,14.95,79,Sony PSP,E,2005
43,Perfect Dark Zero,4,Action,Microsoft,0.7,17.95,79,X360,E,2005
44,Super Monkey Ball: Touch & Roll,1,Action,Sega,0.7,15.95,63,Nintendo DS,T,2005
45,Super Princess Peach,1,Action,Nintendo,0.7,29.95,75,Nintendo DS,T,2005
46,Burnout Legends,1,"Action,Racing / Driving",EA,0.68,14.95,86,Sony PSP,T,2005
47,Madden NFL 06,2,Sports,EA,0.62,4.95,74,X360,E,2005
48,Clubhouse Games,1,Strategy,Nintendo,0.61,17.95,83,Nintendo DS,E,2005
49,ATV Offroad Fury: Blazin' Trails,4,"Racing / Driving,Sports",Sony,0.56,12.95,63,Sony PSP,T,2005
50,Untold Legends: Brotherhood of the Blade,1,"Action,Role-Playing (RPG)","Activision,Sony",0.56,12.95,68,Sony PSP,M,2005
51,Tony Hawk's Underground 2: Remix,1,Sports,Activision,0.49,14.95,83,Sony PSP,T,2005
52,The Sims 2,1,"Simulation,Strategy",EA,0.46,14.95,65,Sony PSP,T,2005
53,WipEout Pure,1,"Action,Racing / Driving",Sony,0.45,12.95,88,Sony PSP,E,2005
54,NBA Live 06,1,Sports,EA,0.42,9.95,80,Sony PSP,E,2005
55,WWE Smackdown vs. Raw 2006,4,"Action,Sports",THQ,0.38,14.95,81,Sony PSP,T,2005
56,Dead or Alive 4,4,Action,,0.38,17.95,85,X360,E,2005
57,Phoenix Wright: Ace Attorney,1,"Adventure,Simulation",Capcom,0.38,24.95,81,Nintendo DS,E,2005
58,Spider-Man 2,1,Action,Activision,0.38,14.95,67,Sony PSP,M,2005
59,NFL Street 2,4,Sports,EA,0.37,17.95,73,Sony PSP,T,2005
60,Kirby: Canvas Curse,1,Action,Nintendo,0.37,17.95,86,Nintendo DS,T,2005
61,Battlefield 2: Modern Combat,4,Action,EA,0.36,16.95,77,X360,E,2005
62,Yoshi Touch & Go,1,Action,Nintendo,0.36,17.95,73,Nintendo DS,T,2005
63,Tiger Woods PGA Tour 06,4,Sports,EA,0.33,9.95,71,X360,T,2005
64,Condemned: Criminal Origins,1,"Action,Adventure",Sega,0.33,14.95,81,X360,E,2005
65,Peter Jackson's King Kong: The Official Game of...,2,Action,Ubisoft,0.32,14.95,80,X360,T,2005
66,Castlevania: Dawn of Sorrow,1,"Action,Role-Playing (RPG)",Konami,0.31,17.95,89,Nintendo DS,T,2005
67,SpongeBob SquarePants: The Yellow Avenger,1,Action,THQ,0.31,13.95,67,Nintendo DS,E,2005
68,Marvel Nemesis: Rise of the Imperfects ,1,Action,EA,0.31,17.95,58,Sony PSP,T,2005
69,Kameo: Elements of Power,1,Action,Microsoft,0.31,11.95,79,X360,T,2005
70,Advance Wars: Dual Strike,1,Strategy,Nintendo,0.3,17.95,90,Nintendo DS,T,2005
71,Trauma Center: Under the Knife,1,"Action,Simulation",Nintendo,0.3,15.95,81,Nintendo DS,T,2005
72,Coded Arms,1,Action,Konami,0.3,12.95,59,Sony PSP,M,2005
73,NBA LIVE 06 ,1,Sports,EA,0.29,4.95,64,X360,E,2005
74,Tony Hawk's American Wasteland,1,Sports,Activision,0.29,14.95,75,X360,E,2005
75,Star Wars: Episode III - Revenge of the Sith,1,Action,Ubisoft,0.28,16.95,73,Nintendo DS,E,2005
76,Capcom Classics Collection Remixed,1,Action,Capcom,0.28,17.95,72,Sony PSP,E,2005
77,Madagascar,1,Adventure,Activision,0.27,14.95,66,Nintendo DS,E,2005
78,X-Men: Legends II - Rise of Apocalypse,1,"Action,Role-Playing (RPG)",Activision,0.27,17.95,84,Sony PSP,M,2005
79,Quake 4,1,Action,Activision,0.27,14.95,75,X360,E,2005
80,Pokmon Trozei!,1,Strategy,Nintendo,0.26,19.95,74,Nintendo DS,E,2005
81,Need for Speed: Most Wanted,1,Racing / Driving,EA,0.25,15.95,45,Nintendo DS,E,2005
82,Mega Man Maverick Hunter X,1,Action,Capcom,0.25,17.95,79,Sony PSP,E,2005
83,Metroid Prime Pinball,1,"Action,Simulation",Nintendo,0.22,17.95,79,Nintendo DS,E,2005
84,NBA 06,1,Sports,Sony,0.22,9.95,72,Sony PSP,E,2005
85,GUN ,1,"Action,Racing / Driving,Role-Playing (RPG)",Activision,0.22,19.95,75,X360,E,2005
86,NBA 2K6 ,1,Sports,2K,0.22,4.95,81,X360,E,2005
87,Pinball Hall of Fame: The Gottlieb Collection,4,Action,,0.21,9.95,73,Sony PSP,T,2005
88,Harry Potter and the Goblet of Fire,1,Action,EA,0.21,17.95,68,Nintendo DS,T,2005
89,Tony Hawk's American Sk8land,1,Sports,Activision,0.21,16.95,84,Nintendo DS,E,2005
90,MVP Baseball,1,Sports,EA,0.21,4.95,67,Sony PSP,M,2005
91,Tiger Woods PGA Tour,1,Sports,EA,0.21,17.95,78,Sony PSP,E,2005
92,World Series of Poker,1,"Sports,Strategy",Activision,0.21,14.95,37,Sony PSP,E,2005
93,SSX on Tour,1,Sports,EA,0.2,16.95,79,Sony PSP,E,2005
94,Tiger Woods PGA Tour 06,1,Sports,EA,0.2,9.95,80,Sony PSP,T,2005
95,Death Jr.,1,Action,Konami,0.19,9.95,61,Sony PSP,M,2005
96,Harry Potter and the Goblet of Fire,1,Action,EA,0.19,17.95,70,Sony PSP,T,2005
97,MediEvil Resurrection,1,Action,Sony,0.19,17.95,66,Sony PSP,T,2005
98,"The Chronicles of Narnia: The Lion, the Witch a...",1,"Action,Role-Playing (RPG)",,0.18,12.95,65,Nintendo DS,T,2005
99,Shrek SuperSlam,1,Action,Activision,0.18,11.95,56,Nintendo DS,E,2005
100,Virtua Tennis: World Tour,1,Sports,Sega,0.18,14.95,84,Sony PSP,M,2005
101,Prince of Persia: Revelations,1,Action,Ubisoft,0.17,6.95,65,Sony PSP,E,2005
102,Burnout Legends,1,"Action,Racing / Driving",EA,0.16,17.95,38,Nintendo DS,E,2005
103,Meteos,1,Strategy,Nintendo,0.16,15.95,88,Nintendo DS,E,2005
104,Spyro: Shadow Legacy,1,Role-Playing (RPG),,0.15,17.95,50,Nintendo DS,E,2005
105,The Con,1,Action,Sony,0.15,8.95,63,Sony PSP,E,2005
106,Infected,1,Action,,0.15,17.95,74,Sony PSP,E,2005
107,Pursuit Force,1,"Action,Racing / Driving",Sony,0.14,14.95,75,Sony PSP,M,2005
108,Kingdom of Paradise,2,"Action,Role-Playing (RPG)",Sony,0.13,12.95,72,Sony PSP,E,2005
109,Dragon Ball Z: Supersonic Warriors 2,1,Action,Atari,0.13,22.95,66,Nintendo DS,E,2005
110,Dragon Quest Heroes: Rocket Slime,1,Action,SquareEnix,0.13,12.95,83,Nintendo DS,T,2005
111,Dead to Rights: Reckoning,1,Action,Namco,0.13,14.95,54,Sony PSP,E,2005
112,Amped 3,1,Sports,2K,0.13,14.95,72,X360,E,2005
113,Break 'em All,1,Action,,0.12,17.95,68,Nintendo DS,T,2005
114,Lunar: Dragon Song,1,Role-Playing (RPG),Ubisoft,0.12,14.95,59,Nintendo DS,M,2005
115,Madden NFL 06,1,Sports,EA,0.12,9.95,66,Nintendo DS,E,2005
116,Retro Atari Classics,1,"Action,Racing / Driving,Simulation",Atari,0.12,12.95,51,Nintendo DS,E,2005
117,True Swing Golf,1,Sports,Nintendo,0.12,14.95,66,Nintendo DS,E,2005
118,FIFA Soccer,1,Sports,EA,0.12,14.95,73,Sony PSP,E,2005
119,Metal Gear Ac!d 2,1,Strategy,Konami,0.12,12.95,80,Sony PSP,E,2005
120,ATV Quad Frenzy,1,"Racing / Driving,Sports",,0.11,14.95,35,Nintendo DS,T,2005
121,Bomberman,1,Strategy,Ubisoft,0.11,17.95,75,Nintendo DS,E,2005
122,GoldenEye: Rogue Agent,1,Action,EA,0.11,14.95,58,Nintendo DS,T,2005
123,Need for Speed Underground 2,1,Racing / Driving,EA,0.11,22.95,65,Nintendo DS,T,2005
124,Frogger: Helmet Chaos,1,Action,Konami,0.11,19.95,66,Sony PSP,E,2005
125,The Lord of the Rings: Tactics,1,"Role-Playing (RPG),Strategy",EA,0.11,19.95,64,Sony PSP,M,2005
126,Rengoku: The Tower of Purgatory,1,"Action,Role-Playing (RPG)",Konami,0.11,12.95,43,Sony PSP,E,2005
127,Gretzky NHL,2,Sports,Sony,0.1,9.95,61,Sony PSP,E,2005
128,Ridge Racer 6,2,Racing / Driving,"EA,Namco",0.1,14.95,74,X360,E,2005
129,Ford Racing 3,1,"Action,Racing / Driving",,0.1,14.95,49,Nintendo DS,E,2005
130,NHL 2K6 ,1,Sports,2K,0.1,5.95,75,X360,T,2005
131,Bust-a-Move DS,1,"Action,Strategy",,0.09,17.95,75,Nintendo DS,E,2005
132,Battles of Prince of Persia,1,Strategy,Ubisoft,0.09,14.95,64,Nintendo DS,E,2005
133,GripShift,1,Racing / Driving,Ubisoft,0.09,9.95,70,Sony PSP,E,2005
134,Marvel Nemesis: Rise of the Imperfects ,1,Action,EA,0.08,14.95,34,Nintendo DS,T,2005
135,Scooby-Doo! Unmasked,1,Action,THQ,0.08,17.95,60,Nintendo DS,E,2005
136,Viewtiful Joe: Double Trouble!,1,Action,Capcom,0.08,14.95,73,Nintendo DS,E,2005
137,The Legend of Heroes: A Tear of Vermillion,1,Role-Playing (RPG),,0.08,17.95,68,Sony PSP,T,2005
138,PQ: Practical Intelligence Quotient,1,Strategy,,0.08,14.95,69,Sony PSP,E,2005
139,Lost in Blue,1,Role-Playing (RPG),Konami,0.07,24.95,69,Nintendo DS,T,2005
140,Ghost in the Shell: Stand Alone Complex,1,Action,Sony,0.07,14.95,61,Sony PSP,E,2005
141,Dig Dug: Digging Strike,1,Action,Namco,0.06,16.95,65,Nintendo DS,E,2005
142,Frogger: Helmet Chaos,1,Action,Konami,0.06,17.95,69,Nintendo DS,E,2005
143,Mega Man Battle Network 5: Double Team DS,1,"Action,Role-Playing (RPG)",Capcom,0.06,17.95,68,Nintendo DS,E,2005
144,Nanostray,1,Action,THQ,0.06,17.95,71,Nintendo DS,E,2005
145,Sega Casino,1,Simulation,Sega,0.06,17.95,61,Nintendo DS,M,2005
146,Teenage Mutant Ninja Turtles 3: Mutant Nightmare,1,"Action,Adventure",Konami,0.06,17.95,58,Nintendo DS,T,2005
147,Pac-Man World 3,1,Action,"EA,Namco",0.06,24.95,61,Sony PSP,E,2005
148,Tokobot,1,Strategy,,0.06,17.95,72,Sony PSP,T,2005
149,Fullmetal Alchemist: Dual Sympathy,1,Action,,0.05,14.95,58,Nintendo DS,M,2005
150,Exit,1,Action,Ubisoft,0.05,9.95,77,Sony PSP,E,2005
151,Bubble Bobble Revolution,1,Action,,0.04,17.95,38,Nintendo DS,M,2005
152,The Rub Rabbits!,2,"Action,Adventure",Sega,0.02,17.95,68,Nintendo DS,M,2005
153,Electroplankton,1,Simulation,Nintendo,0.01,29.95,71,Nintendo DS,T,2005
154,LifeSigns: Surgical Unit,1,"Simulation,Strategy",,0.01,22.95,61,Nintendo DS,T,2005
155,Space Invaders Revolution,1,Action,,0.01,13.95,49,Nintendo DS,E,2005
156,Wii Play,2,"Action,Sports",Nintendo,14.66,14.95,58,Nintendo Wii,T,2006
157,New Super Mario Bros.,1,Action,Nintendo,10.03,27.95,89,Nintendo DS,T,2006
158,Pokmon Diamond,1,Role-Playing (RPG),Nintendo,6.77,27.95,85,Nintendo DS,E,2006
159,Pokmon Pearl,1,Role-Playing (RPG),Nintendo,6.77,26.95,85,Nintendo DS,E,2006
160,Gears of War,2,Action,Microsoft,3.7,19.95,94,X360,M,2006
161,The Legend of Zelda: Twilight Princess,1,"Action,Role-Playing (RPG)",Nintendo,3.33,39.95,95,Nintendo Wii,M,2006
162,Cooking Mama,1,Simulation,,2.9,17.95,67,Nintendo DS,M,2006
163,Marvel Ultimate Alliance,4,"Action,Role-Playing (RPG)",Activision,2.42,14.95,82,X360,T,2006
164,Daxter,1,Action,Sony,2.38,14.95,85,Sony PSP,T,2006
165,The Elder Scrolls IV: Oblivion,1,"Action,Role-Playing (RPG)",2K,2.12,19.95,94,X360,E,2006
166,Madden NFL 07,2,Sports,EA,1.77,4.95,80,X360,E,2006
167,Grand Theft Auto: Vice City Stories,1,"Action,Racing / Driving",Rockstar,1.72,17.95,86,Sony PSP,E,2006
168,Resistance: Fall of Man,4,Action,Sony,1.61,19.95,86,PlayStation 3,E,2006
169,MotorStorm,1,"Action,Racing / Driving,Sports",Sony,1.58,16.95,82,PlayStation 3,T,2006
170,Call of Duty 3,2,Action,Activision,1.51,16.95,82,X360,T,2006
171,Yoshi's Island DS,1,Action,Nintendo,1.49,27.95,81,Nintendo DS,E,2006
172,Tom Clancy's Ghost Recon: Advanced Warfighter,4,Action,Ubisoft,1.46,14.95,90,X360,E,2006
173,Fight Night Round 3,2,"Action,Sports",EA,1.4,14.95,86,X360,E,2006
174,Pokmon Ranger,1,Role-Playing (RPG),Nintendo,1.36,19.95,69,Nintendo DS,E,2006
175,Rayman Raving Rabbids,4,Action,Ubisoft,1.26,17.95,76,Nintendo Wii,T,2006
176,Saints Row,1,"Action,Racing / Driving",THQ,1.23,14.95,81,X360,T,2006
177,Tom Clancy's Rainbow Six: Vegas,2,Action,Ubisoft,1.19,14.95,88,X360,E,2006
178,Dead Rising,1,Action,Capcom,1.16,16.95,85,X360,E,2006
179,Call of Duty 3,1,Action,Activision,1.15,19.95,69,Nintendo Wii,E,2006
180,Lost Planet: Extreme Condition,1,Action,Capcom,1.15,12.95,79,X360,M,2006
181,Mario Hoops 3 on 3,1,Sports,Nintendo,1.03,22.95,69,Nintendo DS,M,2006
182,LEGO Star Wars II: The Original Trilogy,1,Action,EA,1.02,17.95,47,Nintendo DS,E,2006
183,Super Monkey Ball: Banana Blitz,4,Action,Sega,1.0,14.95,74,Nintendo Wii,T,2006
184,The Sims 2: Pets,1,Simulation,EA,0.97,14.95,49,Nintendo DS,T,2006
185,Need for Speed: Carbon - Own the City,1,Racing / Driving,EA,0.93,16.95,73,Sony PSP,E,2006
186,WarioWare: Smooth Moves,6,"Action,Racing / Driving,Sports",Nintendo,0.9,39.95,83,Nintendo Wii,T,2006
187,Fight Night Round 3,2,"Action,Sports",EA,0.86,13.95,83,PlayStation 3,T,2006
188,Final Fantasy III,1,Role-Playing (RPG),SquareEnix,0.86,17.95,77,Nintendo DS,E,2006
189,SOCOM: U.S. Navy SEALs - Fireteam Bravo 2,1,Action,Sony,0.86,16.95,81,Sony PSP,E,2006
190,Madden NFL 07,1,Sports,EA,0.83,9.95,78,Sony PSP,E,2006
191,Monster 4x4: World Circuit,4,Racing / Driving,Ubisoft,0.82,12.95,51,Nintendo Wii,E,2006
192,Kirby: Squeak Squad,1,Action,Nintendo,0.82,27.95,71,Nintendo DS,T,2006
193,Pokmon Battle Revolution,4,"Action,Strategy",Nintendo,0.81,39.95,53,Nintendo Wii,T,2006
194,Medal of Honor: Heroes,1,Action,EA,0.81,14.95,71,Sony PSP,E,2006
195,Tekken: Dark Resurrection,1,Action,"Namco,Sony",0.81,17.95,88,Sony PSP,E,2006
196,Need for Speed: Carbon,2,Racing / Driving,EA,0.78,16.95,77,X360,E,2006
197,Mario vs. Donkey Kong 2: March of the Minis,1,Action,Nintendo,0.77,27.95,76,Nintendo DS,T,2006
198,Sonic Rivals,1,"Action,Racing / Driving",Sega,0.76,17.95,64,Sony PSP,T,2006
199,NCAA Football 07,2,Sports,EA,0.7,4.95,79,X360,E,2006
200,Mortal Kombat: Unchained,2,Action,Midway,0.67,17.95,70,Sony PSP,E,2006
201,Tom Clancy's Splinter Cell: Double Agent,1,Action,Ubisoft,0.67,17.95,85,X360,E,2006
202,Tetris DS,1,Strategy,Nintendo,0.66,17.95,84,Nintendo DS,M,2006
203,LEGO Star Wars II: The Original Trilogy,2,Action,,0.61,17.95,83,Sony PSP,T,2006
204,Red Steel,4,Action,Ubisoft,0.58,14.95,63,Nintendo Wii,T,2006
205,Metroid Prime: Hunters,1,Action,Nintendo,0.58,27.95,85,Nintendo DS,E,2006
206,LEGO Star Wars II: The Original Trilogy,2,Action,,0.57,14.95,81,X360,E,2006
207,NBA 2K7 ,1,Sports,2K,0.56,4.95,84,X360,E,2006
208,SEGA Genesis Collection,2,"Action,Racing / Driving,Role-Playing (RPG),Strategy",Sega,0.55,17.95,82,Sony PSP,T,2006
209,Call of Duty 3,1,Action,Activision,0.52,19.95,80,PlayStation 3,T,2006
210,NBA Live 07,1,Sports,EA,0.51,7.95,64,Sony PSP,E,2006
211,Madden NFL 07,2,Sports,EA,0.49,6.95,76,PlayStation 3,T,2006
212,SpongeBob SquarePants: The Yellow Avenger,1,Action,THQ,0.49,12.95,48,Sony PSP,T,2006
213,Madden NFL 07,4,Sports,EA,0.48,9.95,81,Nintendo Wii,E,2006
214,Fight Night Round 3,2,"Action,Simulation,Sports",EA,0.48,16.95,74,Sony PSP,T,2006
215,Need for Speed: Carbon,2,Racing / Driving,EA,0.47,17.95,75,PlayStation 3,T,2006
216,Need for Speed: Carbon,2,Racing / Driving,EA,0.47,17.95,67,Nintendo Wii,M,2006
217,WWE SmackDown vs. Raw 2007,4,Sports,THQ,0.45,12.95,81,X360,E,2006
218,Tiger Woods PGA Tour 07,1,Sports,EA,0.45,9.95,80,X360,T,2006
219,Viva Pi$?ata,4,"Simulation,Strategy",Microsoft,0.44,16.95,84,X360,E,2006
220,SpongeBob Squarepants: Creature from the Krusty Krab,1,"Action,Adventure",THQ,0.44,14.95,57,Nintendo Wii,T,2006
221,Tony Hawk's Project 8,2,Sports,Activision,0.42,17.95,68,Sony PSP,M,2006
222,Tony Hawk's Project 8,2,Sports,Activision,0.42,16.95,81,X360,E,2006
223,NBA LIVE 07 ,1,Sports,EA,0.42,4.95,59,X360,T,2006
224,Excite Truck,2,Racing / Driving,Nintendo,0.4,19.95,72,Nintendo Wii,M,2006
225,Harvest Moon DS,1,"Role-Playing (RPG),Simulation",,0.4,17.95,67,Nintendo DS,T,2006
226,Star Fox Command,1,Action,Nintendo,0.39,14.95,76,Nintendo DS,T,2006
227,Metal Gear Solid: Portable Ops,1,"Action,Strategy",Konami,0.39,17.95,87,Sony PSP,T,2006
228,Marvel Ultimate Alliance,4,"Action,Role-Playing (RPG)",Activision,0.38,17.95,73,Nintendo Wii,M,2006
229,Blazing Angels: Squadrons of WWII,2,Action,Ubisoft,0.37,16.95,66,X360,E,2006
230,Major League Baseball 2K6,2,Sports,2K,0.37,4.95,66,X360,T,2006
231,NCAA Football 07,1,Sports,EA,0.36,9.95,75,Sony PSP,T,2006
232,MLB 06: The Show,2,Sports,Sony,0.35,9.95,83,Sony PSP,T,2006
233,Blazing Angels: Squadrons of WWII,2,Action,Ubisoft,0.35,16.95,67,PlayStation 3,T,2006
234,WWE SmackDown vs. Raw 2007,4,Sports,THQ,0.34,14.95,78,Sony PSP,T,2006
235,Rune Factory: A Fantasy Harvest Moon,1,"Role-Playing (RPG),Simulation",,0.34,24.95,78,Nintendo DS,T,2006
236,Marvel Ultimate Alliance,1,"Action,Role-Playing (RPG)",Activision,0.34,22.95,81,Sony PSP,E,2006
237,Marvel Ultimate Alliance,4,"Action,Role-Playing (RPG)",Activision,0.33,24.95,78,PlayStation 3,M,2006
238,Tiger Woods PGA Tour 07,4,Sports,EA,0.32,14.95,81,PlayStation 3,E,2006
239,Ace Combat X: Skies of Deception,1,"Action,Simulation",Namco,0.32,22.95,75,Sony PSP,E,2006
240,Killzone: Liberation,1,"Action,Strategy",Sony,0.32,16.95,77,Sony PSP,M,2006
241,F.E.A.R.: First Encounter Assault Recon,1,Action,,0.32,17.95,85,X360,E,2006
242,NBA 2K7,7,Sports,2K,0.31,7.95,80,PlayStation 3,E,2006
243,Tony Hawk's Project 8,2,Sports,Activision,0.3,14.95,76,PlayStation 3,T,2006
244,Avatar: The Last Airbender,1,Action,THQ,0.3,17.95,64,Nintendo DS,E,2006
245,Castlevania: Portrait of Ruin,1,Action,Konami,0.3,17.95,85,Nintendo DS,M,2006
246,Hitman: Blood Money,1,Action,Eidos,0.29,22.95,82,X360,E,2006
247,Rockstar Games presents Table Tennis,2,Sports,Rockstar,0.28,9.95,81,X360,M,2006
248,Trauma Center: Second Opinion,1,"Action,Simulation",Nintendo,0.28,17.95,80,Nintendo Wii,T,2006
249,Tenchu Z,1,Action,Microsoft,0.28,14.95,56,X360,E,2006
250,Elite Beat Agents,1,Action,Nintendo,0.27,9.95,87,Nintendo DS,M,2006
251,Street Fighter Alpha 3 MAX,1,Action,Capcom,0.27,14.95,80,Sony PSP,M,2006
252,Blue Dragon,1,Role-Playing (RPG),Microsoft,0.27,14.95,79,X360,T,2006
253,The Lord of the Rings: The Battle for Middle Ea...,1,Strategy,EA,0.27,19.95,79,X360,T,2006
254,Prey,1,Action,2K,0.27,14.95,79,X360,T,2006
255,Over the Hedge,1,Adventure,Activision,0.26,16.95,71,Nintendo DS,E,2006
256,Capcom Classics Collection Reloaded,1,Action,Capcom,0.26,17.95,75,Sony PSP,T,2006
257,Pirates of the Caribbean: Dead Man's Chest,1,Action,,0.26,14.95,52,Sony PSP,T,2006
258,NHL 07 ,1,Sports,EA,0.26,5.95,79,X360,T,2006
259,Monster Hunter Freedom,1,"Action,Strategy",Capcom,0.25,12.95,71,Sony PSP,E,2006
260,Chromehounds,1,"Action,Simulation,Strategy",Sega,0.25,14.95,71,X360,T,2006
261,Test Drive Unlimited,1,Racing / Driving,Atari,0.25,17.95,82,X360,T,2006
262,Dragon Ball Z: Budokai Tenkaichi 2,2,Action,Atari,0.24,14.95,72,Nintendo Wii,E,2006
263,Dragon Quest Monsters: Joker,1,Role-Playing (RPG),SquareEnix,0.24,14.95,75,Nintendo DS,T,2006
264,Pirates of the Caribbean: Dead Man's Chest,1,Action,,0.24,11.95,63,Nintendo DS,E,2006
265,NFL Street 3,1,"Action,Sports",EA,0.24,14.95,68,Sony PSP,T,2006
266,Syphon Filter: Dark Mirror,1,Action,Sony,0.24,12.95,87,Sony PSP,M,2006
267,NBA 07,4,Sports,Sony,0.23,6.95,63,PlayStation 3,T,2006
268,Ridge Racer 7,2,Racing / Driving,"Namco,Sony",0.23,19.95,78,PlayStation 3,E,2006
269,The Outfit,2,Action,THQ,0.23,14.95,70,X360,E,2006
270,Elebits,4,Action,Konami,0.22,14.95,75,Nintendo Wii,T,2006
271,Tony Hawk's Downhill Jam,1,"Racing / Driving,Sports",Activision,0.22,14.95,76,Nintendo DS,T,2006
272,The Sims 2: Pets,1,Simulation,EA,0.21,17.95,57,Sony PSP,T,2006
273,Tiger Woods PGA Tour 07,1,Sports,EA,0.21,12.95,78,Sony PSP,E,2006
274,Thrillville,1,"Simulation,Strategy",Atari,0.2,14.95,72,Sony PSP,E,2006
275,The Godfather: The Game,1,Action,EA,0.2,17.95,77,X360,T,2006
276,Rampage: Total Destruction,4,Action,Midway,0.19,16.95,46,Nintendo Wii,E,2006
277,College Hoops 2K7,4,Sports,2K,0.19,6.95,82,X360,T,2006
278,Far Cry: Instincts - Predator,4,Action,Ubisoft,0.19,17.95,78,X360,E,2006
279,Full Auto,2,"Action,Racing / Driving",Sega,0.19,16.95,70,X360,E,2006
280,Age of Empires: The Age of Kings,1,Strategy,,0.19,17.95,80,Nintendo DS,T,2006
281,Need for Speed: Carbon - Own the City,1,"Action,Racing / Driving",EA,0.19,14.95,70,Nintendo DS,T,2006
282,Brothers in Arms: D-Day,1,Action,Ubisoft,0.19,6.95,65,Sony PSP,T,2006
283,Family Guy Video Game!,1,Action,2K,0.19,19.95,51,Sony PSP,M,2006
284,Superman Returns,1,Action,EA,0.19,7.95,51,X360,E,2006
285,Over G Fighters,2,Simulation,Ubisoft,0.18,17.95,49,X360,E,2006
286,Final Fantasy XI Online,1,"Action,Role-Playing (RPG)",SquareEnix,0.18,4.95,66,X360,E,2006
287,Mystery Dungeon: Shiren the Wanderer,1,"Action,Role-Playing (RPG)",Sega,0.17,17.95,69,Nintendo DS,T,2006
288,Phoenix Wright: Ace Attorney - Justice for All,1,"Adventure,Simulation",Capcom,0.17,13.95,76,Nintendo DS,E,2006
289,Justice League Heroes,1,Action,,0.17,17.95,72,Sony PSP,M,2006
290,Valhalla Knights,1,"Action,Role-Playing (RPG)",,0.17,16.95,53,Sony PSP,T,2006
291,Genji: Days of the Blade,1,"Action,Role-Playing (RPG)",Sony,0.17,14.95,55,PlayStation 3,T,2006
292,Top Spin 2,4,Sports,2K,0.16,12.95,75,X360,T,2006
293,Field Commander,2,Strategy,"Sony,Ubisoft",0.16,14.95,77,Sony PSP,T,2006
294,Children of Mana,1,"Action,Role-Playing (RPG)","Nintendo,SquareEnix",0.16,16.95,65,Nintendo DS,E,2006
295,Valkyrie Profile: Lenneth,1,Role-Playing (RPG),SquareEnix,0.16,22.95,80,Sony PSP,E,2006
296,Monster House,1,Action,THQ,0.15,14.95,62,Nintendo DS,M,2006
297,Enchanted Arms,1,Role-Playing (RPG),Ubisoft,0.15,17.95,69,X360,E,2006
298,NHL 07,4,Sports,EA,0.14,12.95,76,Sony PSP,M,2006
299,Bust-a-Move Deluxe,2,Strategy,,0.14,14.95,73,Sony PSP,M,2006
300,Full Auto 2: Battlelines,2,"Action,Racing / Driving",Sega,0.14,14.95,67,PlayStation 3,T,2006
301,Blitz: The League,2,Sports,Midway,0.14,14.95,69,X360,T,2006
302,Star Trek Legacy,2,"Action,Strategy",Ubisoft,0.14,24.95,64,X360,E,2006
303,Eragon,1,"Action,Role-Playing (RPG)",,0.14,16.95,63,Nintendo DS,E,2006
304,Master of Illusion,1,Strategy,Nintendo,0.14,14.95,69,Nintendo DS,E,2006
305,Mega Man ZX,1,Action,Capcom,0.14,19.95,76,Nintendo DS,T,2006
306,Untold Legends: The Warrior's Code,1,"Action,Role-Playing (RPG)","Sony,Ubisoft",0.14,14.95,65,Sony PSP,T,2006
307,Super Swing Golf,1,Sports,,0.14,16.95,72,Nintendo Wii,T,2006
308,X-Men: The Official Game,1,Action,Activision,0.14,14.95,52,X360,M,2006
309,Untold Legends: Dark Kingdom,2,"Action,Role-Playing (RPG)","EA,Sony",0.13,16.95,58,PlayStation 3,E,2006
310,Happy Feet,2,Action,Midway,0.13,14.95,46,Nintendo Wii,E,2006
311,Open Season,1,Action,Ubisoft,0.13,17.95,72,Nintendo DS,T,2006
312,Dungeon Siege: Throne of Agony,1,Role-Playing (RPG),2K,0.13,24.95,74,Sony PSP,E,2006
313,LocoRoco,1,"Action,Strategy",Sony,0.13,17.95,83,Sony PSP,T,2006
314,Dead or Alive: Xtreme 2,1,"Racing / Driving,Sports",,0.13,14.95,53,X360,T,2006
315,Fuzion Frenzy 2,4,"Action,Sports",Microsoft,0.12,14.95,49,X360,T,2006
316,MotoGP '06,4,"Racing / Driving,Simulation,Sports",THQ,0.12,14.95,80,X360,M,2006
317,Lumines II,2,Strategy,,0.12,14.95,81,Sony PSP,E,2006
318,Major League Baseball 2K6,1,Sports,2K,0.12,4.95,69,Sony PSP,M,2006
319,Star Wars: Lethal Alliance,1,Action,Ubisoft,0.12,17.95,61,Sony PSP,T,2006
320,Worms: Open Warfare,1,"Action,Strategy",THQ,0.12,17.95,70,Sony PSP,T,2006
321,Eragon,4,Action,,0.11,14.95,59,Sony PSP,E,2006
322,Metal Slug Anthology,4,Action,,0.11,16.95,73,Nintendo Wii,T,2006
323,Open Season,4,Action,Ubisoft,0.11,14.95,59,X360,E,2006
324,Tom Clancy's Splinter Cell: Double Agent,2,Action,Ubisoft,0.11,17.95,61,Nintendo Wii,T,2006
325,Avatar: The Last Airbender,1,Action,THQ,0.11,17.95,57,Sony PSP,E,2006
326,Lemmings,1,Strategy,Sony,0.11,17.95,76,Sony PSP,E,2006
327,Mega Man Powered Up,1,Action,Capcom,0.11,16.95,82,Sony PSP,E,2006
328,College Hoops 2K6,1,Sports,2K,0.11,6.95,70,X360,E,2006
329,Dynasty Warriors 5: Empires,2,"Action,Role-Playing (RPG),Strategy",,0.1,14.95,61,X360,T,2006
330,Magical Starsign,1,Role-Playing (RPG),Nintendo,0.1,9.95,69,Nintendo DS,E,2006
331,Resident Evil: Deadly Silence,1,Action,Capcom,0.1,17.95,71,Nintendo DS,E,2006
332,X-Men: The Official Game,1,Action,Activision,0.1,14.95,50,Nintendo DS,E,2006
333,Cabela's African Safari,1,Sports,Activision,0.1,17.95,53,X360,E,2006
334,Cabela's Alaskan Adventures,1,Sports,Activision,0.1,17.95,48,X360,E,2006
335,Armored Core 4,2,Action,Sega,0.09,19.95,65,PlayStation 3,E,2006
336,Eragon,2,Action,,0.09,12.95,48,X360,T,2006
337,LostMagic,1,"Action,Role-Playing (RPG)",Ubisoft,0.09,14.95,68,Nintendo DS,T,2006
338,Magnetica,1,"Action,Strategy",Nintendo,0.09,17.95,68,Nintendo DS,T,2006
339,Def Jam Fight for NY: The Takeover,1,Action,EA,0.09,17.95,79,Sony PSP,T,2006
340,NASCAR 07,1,"Racing / Driving,Simulation",EA,0.09,24.95,66,Sony PSP,T,2006
341,The Ant Bully,1,Action,Midway,0.09,16.95,45,Nintendo Wii,T,2006
342,Just Cause,1,"Action,Racing / Driving",Eidos,0.09,16.95,73,X360,E,2006
343,Onechanbara: Bikini Samurai Squad,1,Action,,0.09,19.95,39,X360,E,2006
344,Phantasy Star Universe,1,Role-Playing (RPG),Sega,0.09,24.95,64,X360,E,2006
345,Project Sylpheed: Arc of Deception,1,Action,"Microsoft,SquareEnix",0.09,14.95,64,X360,T,2006
346,Winning Eleven: Pro Evolution Soccer 2007,6,Sports,Konami,0.08,11.95,80,X360,E,2006
347,Kororinpa: Marble Mania,2,"Action,Strategy",Nintendo,0.08,17.95,69,Nintendo Wii,T,2006
348,Digimon World DS,1,Role-Playing (RPG),Namco,0.08,27.95,49,Nintendo DS,E,2006
349,Justice League Heroes,1,Action,,0.08,17.95,43,Nintendo DS,E,2006
350,Innocent Life: A Futuristic Harvest Moon,1,"Role-Playing (RPG),Simulation,Strategy",,0.08,17.95,67,Sony PSP,E,2006
351,Power Stone Collection,1,Action,Capcom,0.08,14.95,74,Sony PSP,M,2006
352,EA Replay,4,"Action,Role-Playing (RPG),Simulation,Sports,Strategy",EA,0.07,14.95,56,Sony PSP,E,2006
353,Open Season,4,Action,Ubisoft,0.07,17.95,49,Nintendo Wii,M,2006
354,Samurai Warriors 2,4,Action,,0.07,14.95,52,X360,M,2006
355,Far Cry: Vengeance,2,Action,Ubisoft,0.07,16.95,38,Nintendo Wii,E,2006
356,Import Tuner Challenge,2,Racing / Driving,Ubisoft,0.07,17.95,54,X360,E,2006
357,Contact,1,"Adventure,Role-Playing (RPG)",,0.07,14.95,73,Nintendo DS,E,2006
358,Touch Detective,1,Adventure,,0.07,14.95,60,Nintendo DS,T,2006
359,FIFA Street 2,1,Sports,EA,0.07,17.95,58,Sony PSP,T,2006
360,007: From Russia with Love,1,"Action,Racing / Driving",EA,0.07,17.95,61,Sony PSP,T,2006
361,PaRappa the Rapper,1,Action,Sony,0.07,12.95,67,Sony PSP,T,2006
362,Riviera: The Promised Land,1,Role-Playing (RPG),,0.07,17.95,68,Sony PSP,M,2006
363,Samurai Warriors: State of War,1,Action,,0.07,17.95,64,Sony PSP,E,2006
364,Viewtiful Joe: Red Hot Rumble,1,Action,Capcom,0.07,14.95,63,Sony PSP,E,2006
365,Ice Age 2: The Meltdown,1,Action,,0.07,17.95,66,Nintendo Wii,E,2006
366,Rumble Roses XX,4,"Action,Sports",Konami,0.06,17.95,62,X360,E,2006
367,Bionicle Heroes,1,Action,Eidos,0.06,16.95,72,Nintendo DS,T,2006
368,Deep Labyrinth,1,Role-Playing (RPG),,0.06,10.95,57,Nintendo DS,T,2006
369,Blade Dancer: Lineage of Light,1,Role-Playing (RPG),,0.06,16.95,60,Sony PSP,E,2006
370,Every Extend Extra,1,Action,,0.06,11.95,74,Sony PSP,E,2006
371,Ultimate Ghosts 'N' Goblins,1,Action,Capcom,0.06,17.95,72,Sony PSP,E,2006
372,Xiaolin Showdown,1,Action,Konami,0.06,14.95,44,Sony PSP,M,2006
373,Bionicle Heroes,1,Action,Eidos,0.06,14.95,59,X360,T,2006
374,Bullet Witch,1,Action,Atari,0.06,16.95,55,X360,M,2006
375,Death Jr. II: Root of Evil,2,Action,Konami,0.05,14.95,68,Sony PSP,E,2006
376,Alex Rider: Stormbreaker,1,"Action,Adventure",THQ,0.05,12.95,48,Nintendo DS,M,2006
377,Cartoon Network Racing,1,Racing / Driving,,0.05,14.95,55,Nintendo DS,E,2006
378,Guilty Gear: Dust Strikers,1,Action,,0.05,14.95,60,Nintendo DS,E,2006
379,Gunpey DS,1,Strategy,Namco,0.05,12.95,70,Nintendo DS,E,2006
380,Lara Croft Tomb Raider: Legend,1,"Action,Racing / Driving",Eidos,0.05,17.95,58,Nintendo DS,E,2006
381,Worms: Open Warfare,1,"Action,Strategy",THQ,0.05,17.95,64,Nintendo DS,E,2006
382,Mercury Meltdown,1,Strategy,,0.05,12.95,78,Sony PSP,M,2006
383,MTX Mototrax,1,"Racing / Driving,Sports",Activision,0.05,19.95,67,Sony PSP,M,2006
384,Snoopy vs. the Red Baron,1,Action,Namco,0.05,17.95,76,Sony PSP,E,2006
385,Super Monkey Ball Adventure,1,"Action,Racing / Driving",Sega,0.05,24.95,56,Sony PSP,E,2006
386,Ys VI: The Ark of Napishtim,1,"Action,Role-Playing (RPG)",Konami,0.05,16.95,64,Sony PSP,E,2006
387,Bomberman Land Touch!,1,Action,,0.04,24.95,78,Nintendo DS,E,2006
388,Point Blank DS,1,Action,"Atari,Namco",0.04,17.95,66,Nintendo DS,M,2006
389,Scurge: Hive,1,Action,,0.04,8.95,70,Nintendo DS,M,2006
390,Star Trek: Tactical Assault,1,"Action,Strategy",Ubisoft,0.04,17.95,63,Nintendo DS,T,2006
391,Tao's Adventure: Curse of the Demon Seal,1,Role-Playing (RPG),Konami,0.04,14.95,50,Nintendo DS,E,2006
392,Ford Bold Moves Street Racing,1,Racing / Driving,Eidos,0.04,17.95,52,Sony PSP,T,2006
393,Gitaroo Man Lives!,1,Simulation,,0.04,22.95,80,Sony PSP,E,2006
394,Gradius Collection,1,Action,Konami,0.04,17.95,76,Sony PSP,T,2006
395,The Legend of Heroes II: Prophecy of the Moonli...,1,Role-Playing (RPG),Namco,0.04,17.95,63,Sony PSP,E,2006
396,Pac-Man World Rally,1,"Action,Racing / Driving",Namco,0.04,17.95,51,Sony PSP,T,2006
397,Bomberman: Act Zero,1,Action,Konami,0.04,12.95,34,X360,E,2006
398,Earth Defense Force 2017,2,Action,,0.03,17.95,69,X360,T,2006
399,WarTech: Senko no Ronde,2,Action,Ubisoft,0.03,12.95,60,X360,T,2006
400,MechAssault: Phantom War,1,Action,,0.03,12.95,66,Nintendo DS,E,2006
401,Astonishia Story,1,"Role-Playing (RPG),Strategy",Ubisoft,0.03,16.95,48,Sony PSP,T,2006
402,B-Boy,1,Action,Sony,0.03,17.95,50,Sony PSP,E,2006
403,BattleZone,1,Action,Atari,0.03,14.95,57,Sony PSP,E,2006
404,Bounty Hounds,1,"Action,Strategy",Namco,0.03,17.95,63,Sony PSP,T,2006
405,Bubble Bobble Evolution,1,Action,,0.03,12.95,47,Sony PSP,E,2006
406,MotoGP,1,"Racing / Driving,Sports",Sony,0.03,32.95,69,Sony PSP,E,2006
407,OutRun 2006: Coast 2 Coast,1,Racing / Driving,Sega,0.03,17.95,82,Sony PSP,E,2006
408,Warhammer: Battle for Atluma,1,Strategy,Namco,0.03,17.95,55,Sony PSP,M,2006
409,SBK: Snowboard Kids,1,"Action,Sports",,0.02,19.95,63,Nintendo DS,E,2006
410,Tenchu: Dark Secret,1,Action,Nintendo,0.02,14.95,37,Nintendo DS,E,2006
411,Dungeon Maker: Hunting Ground,1,"Action,Role-Playing (RPG)",,0.02,14.95,70,Sony PSP,E,2006
412,Metal Gear Solid: Digital Graphic Novel,1,Adventure,Konami,0.02,17.95,78,Sony PSP,T,2006
413,Star Trek: Tactical Assault,1,"Action,Strategy",Ubisoft,0.02,17.95,64,Sony PSP,E,2006
414,Micro Machines V4,2,"Action,Racing / Driving",,0.01,17.95,61,Sony PSP,E,2006
415,Platypus,2,Action,,0.01,14.95,59,Sony PSP,T,2006
416,Custom Robo Arena,1,"Action,Role-Playing (RPG)",Nintendo,0.01,17.95,74,Nintendo DS,T,2006
417,Gurumin: A Monstrous Adventure,1,Action,,0.01,13.95,78,Sony PSP,T,2006
418,Spider-Man 3,1,Action,Ubisoft,0.01,6.95,58,Sony PSP,M,2006
419,Wii Fit,1,"Educational,Sports",Nintendo,9.6,24.95,80,Nintendo Wii,T,2007
420,Halo 3,4,Action,Microsoft,8.03,24.95,94,X360,E,2007
421,Call of Duty 4: Modern Warfare,4,Action,Activision,5.77,29.95,94,X360,E,2007
422,Super Mario Galaxy,2,Action,Nintendo,4.94,39.95,97,Nintendo Wii,E,2007
423,Mario Party DS,1,"Action,Strategy",Nintendo,4.34,27.95,72,Nintendo DS,T,2007
424,Mario Party 8,4,"Action,Strategy",Nintendo,3.84,39.95,62,Nintendo Wii,T,2007
425,Guitar Hero III: Legends of Rock,2,"Action,Simulation",Activision,3.28,12.95,85,X360,T,2007
426,Link's Crossbow Training,1,Action,Nintendo,3.2,14.95,68,Nintendo Wii,E,2007
427,Guitar Hero III: Legends of Rock,2,"Action,Simulation",Activision,3.19,49.95,86,Nintendo Wii,T,2007
428,Assassin's Creed,1,Action,Ubisoft,3.17,16.95,81,X360,T,2007
429,LEGO Star Wars: The Complete Saga,2,Action,,3.03,17.95,80,Nintendo Wii,M,2007
430,Call of Duty 4: Modern Warfare,4,Action,Activision,2.91,24.95,94,PlayStation 3,E,2007
431,Mario & Sonic at the Olympic Games,4,"Action,Sports","Nintendo,Sega",2.74,29.95,67,Nintendo Wii,E,2007
432,LEGO Star Wars: The Complete Saga,1,"Action,Racing / Driving",,2.66,17.95,80,Nintendo DS,E,2007
433,Forza Motorsport 2,2,Racing / Driving,Microsoft,2.48,12.95,90,X360,T,2007
434,Madden NFL 08,4,Sports,EA,2.32,9.95,85,X360,E,2007
435,Guitar Hero II,2,"Action,Simulation",Activision,2.04,17.95,92,X360,T,2007
436,Rock Band,4,"Action,Simulation",,2.02,14.95,92,X360,E,2007
437,The Legend of Zelda: Phantom Hourglass,1,Action,Nintendo,1.92,24.95,90,Nintendo DS,E,2007
438,Pokmon Mystery Dungeon: Explorers of Darkness,1,Role-Playing (RPG),Nintendo,1.91,15.95,59,Nintendo DS,E,2007
439,Pokmon Mystery Dungeon: Explorers of Time,1,Role-Playing (RPG),Nintendo,1.91,24.95,59,Nintendo DS,T,2007
440,Assassin's Creed,1,Action,Ubisoft,1.77,17.95,81,PlayStation 3,T,2007
441,Uncharted: Drake's Fortune,1,Action,Sony,1.76,24.95,88,PlayStation 3,T,2007
442,Mass Effect,1,"Action,Role-Playing (RPG)",Microsoft,1.57,17.95,91,X360,T,2007
443,Cooking Mama 2: Dinner with Friends,1,Simulation,,1.56,17.95,70,Nintendo DS,E,2007
444,BioShock,1,Action,2K,1.52,16.95,96,X360,T,2007
445,Super Paper Mario,1,"Action,Role-Playing (RPG)",Nintendo,1.5,29.95,85,Nintendo Wii,E,2007
446,Game Party,4,Action,Midway,1.49,14.95,25,Nintendo Wii,T,2007
447,Ratchet & Clank: Size Matters,1,Action,Sony,1.47,14.95,85,Sony PSP,E,2007
448,Dance Dance Revolution Hottest Party,4,Action,Konami,1.45,17.95,73,Nintendo Wii,T,2007
449,Cooking Mama: Cook Off,2,Simulation,,1.38,14.95,61,Nintendo Wii,M,2007
450,Gran Turismo 5: Prologue,2,"Racing / Driving,Simulation",Sony,1.31,24.95,80,PlayStation 3,E,2007
451,Professor Layton and the Curious Village,1,"Adventure,Educational,Strategy",Nintendo,1.26,23.95,85,Nintendo DS,E,2007
452,Resident Evil 4,1,Action,Capcom,1.24,16.95,91,Nintendo Wii,T,2007
453,The Elder Scrolls IV: Oblivion,1,"Action,Role-Playing (RPG)",Ubisoft,1.2,17.95,93,PlayStation 3,T,2007
454,Transformers: Autobots,1,"Action,Racing / Driving",Activision,1.17,17.95,67,Nintendo DS,E,2007
455,Transformers: Decepticons,1,"Action,Racing / Driving",Activision,1.17,17.95,66,Nintendo DS,M,2007
456,Diddy Kong Racing DS,1,"Racing / Driving,Sports",Nintendo,1.16,24.95,63,Nintendo DS,T,2007
457,Big Brain Academy: Wii Degree,8,Action,Nintendo,1.1,19.95,68,Nintendo Wii,M,2007
458,Need for Speed: ProStreet,2,Racing / Driving,EA,1.1,16.95,72,X360,T,2007
459,Deal or No Deal,1,Strategy,,1.1,11.95,20,Nintendo DS,E,2007
460,LEGO Star Wars: The Complete Saga,2,Action,,1.09,17.95,80,X360,T,2007
461,Sonic and the Secret Rings,4,Action,Sega,1.08,16.95,69,Nintendo Wii,E,2007
462,The Orange Box,1,Action,,1.06,17.95,96,X360,E,2007
463,Crackdown,1,"Action,Racing / Driving,Role-Playing (RPG)",Microsoft,1.02,14.95,83,X360,M,2007
464,Rock Band,4,"Action,Simulation",,1.01,14.95,92,PlayStation 3,M,2007
465,Tiger Woods PGA Tour 08,4,Sports,EA,1.0,17.95,72,Nintendo Wii,T,2007
466,WWE Smackdown vs. Raw 2008,4,Sports,THQ,0.96,12.95,71,X360,T,2007
467,Madden NFL 08,4,Sports,EA,0.94,9.95,81,PlayStation 3,T,2007
468,Call of Duty 4: Modern Warfare,1,Action,Activision,0.94,19.95,75,Nintendo DS,T,2007
469,MySims,1,"Simulation,Strategy",EA,0.94,17.95,68,Nintendo Wii,T,2007
470,Mario Strikers Charged,4,"Action,Sports",Nintendo,0.93,29.95,79,Nintendo Wii,E,2007
471,Star Wars Battlefront: Renegade Squadron,1,Action,,0.93,16.95,73,Sony PSP,T,2007
472,Flash Focus: Vision Training in Minutes a Day,1,Action,Nintendo,0.91,17.95,59,Nintendo DS,T,2007
473,Metroid Prime 3: Corruption,1,Action,Nintendo,0.91,19.95,90,Nintendo Wii,T,2007
474,Tom Clancy's Ghost Recon: Advanced Warfighter 2...,1,Action,Ubisoft,0.89,14.95,86,X360,T,2007
475,Madden NFL 08,4,Sports,EA,0.86,12.95,76,Nintendo Wii,M,2007
476,Ratchet & Clank Future: Tools of Destruction,1,Action,Sony,0.86,22.95,89,PlayStation 3,E,2007
477,LEGO Star Wars: The Complete Saga,2,Action,,0.85,17.95,80,PlayStation 3,M,2007
478,Rayman Raving Rabbids 2,4,Action,Ubisoft,0.84,17.95,67,Nintendo Wii,T,2007
479,NBA 2K8 ,1,Sports,2K,0.83,9.95,81,X360,M,2007
480,Namco Museum DS,1,Action,Namco,0.8,17.95,67,Nintendo DS,E,2007
481,Need for Speed: ProStreet,2,Racing / Driving,EA,0.75,16.95,73,PlayStation 3,T,2007
482,Blazing Angels: Squadrons of WWII,2,Action,Ubisoft,0.75,16.95,57,Nintendo Wii,E,2007
483,Drawn to Life,1,Action,THQ,0.75,17.95,73,Nintendo DS,T,2007
484,EA Playground,4,"Action,Racing / Driving,Sports",EA,0.72,17.95,66,Nintendo Wii,T,2007
485,Major League Baseball 2K7,2,Sports,2K,0.7,9.95,79,X360,E,2007
486,Resident Evil: The Umbrella Chronicles,2,Action,"Capcom,Nintendo",0.69,19.95,75,Nintendo Wii,T,2007
487,NCAA Football 08,2,Sports,EA,0.68,9.95,81,X360,E,2007
488,Spectrobes,1,"Action,Strategy",,0.68,14.95,63,Nintendo DS,E,2007
489,The Sims 2: Castaway,1,Simulation,EA,0.66,16.95,66,Nintendo DS,M,2007
490,WWE Smackdown vs. Raw 2008,6,Sports,THQ,0.64,14.95,74,PlayStation 3,E,2007
491,Madden NFL 08,1,Sports,EA,0.64,9.95,75,Sony PSP,E,2007
492,NBA Live 08,4,Sports,EA,0.6,9.95,73,PlayStation 3,M,2007
493,The Simpsons Game,1,Action,EA,0.6,17.95,69,Nintendo DS,M,2007
494,Ace Combat 6: Fires of Liberation,1,"Action,Simulation",Namco,0.58,19.95,80,X360,E,2007
495,Heavenly Sword,1,Action,Sony,0.57,24.95,79,PlayStation 3,E,2007
496,Ninja Gaiden Sigma,1,Action,,0.57,19.95,88,PlayStation 3,E,2007
497,Ben 10: Protector of the Earth,1,Action,,0.57,16.95,63,Nintendo Wii,T,2007
498,The Simpsons Game,2,Action,EA,0.55,17.95,71,X360,T,2007
499,CrossworDS,1,"Educational,Strategy",,0.53,17.95,67,Nintendo DS,T,2007
500,Sonic Rush Adventure,1,"Action,Sports",Sega,0.52,24.95,78,Nintendo DS,T,2007
501,Tiger Woods PGA Tour 08,4,Sports,EA,0.51,14.95,80,X360,T,2007
502,Tony Hawk's Proving Ground,2,Sports,Activision,0.51,16.95,72,X360,T,2007
503,Call of Duty: Roads to Victory,1,Action,Activision,0.51,24.95,64,Sony PSP,E,2007
504,Transformers: The Game,1,Action,Activision,0.51,14.95,52,X360,M,2007
505,NBA 2K8,7,Sports,2K,0.5,9.95,81,PlayStation 3,M,2007
506,Medal of Honor: Heroes 2,1,Action,EA,0.5,17.95,69,Sony PSP,E,2007
507,Spider-Man 3,1,Action,Activision,0.5,11.95,63,X360,E,2007
508,Tom Clancy's Rainbow Six: Vegas,2,Action,Ubisoft,0.49,16.95,86,PlayStation 3,E,2007
509,Need for Speed: ProStreet,2,Racing / Driving,EA,0.49,16.95,61,Nintendo Wii,M,2007
510,NBA LIVE 08 ,1,Sports,EA,0.49,9.95,73,X360,T,2007
511,Dance Dance Revolution Universe 2,4,Action,Konami,0.48,19.95,65,X360,T,2007
512,MX vs. ATV Untamed,2,Racing / Driving,THQ,0.48,17.95,70,X360,T,2007
513,Final Fantasy IV,1,Role-Playing (RPG),SquareEnix,0.48,17.95,85,Nintendo DS,T,2007
514,NBA Street Homecourt,4,Sports,EA,0.47,7.95,80,X360,T,2007
515,The Simpsons Game,2,Action,EA,0.47,17.95,64,Nintendo Wii,T,2007
516,Winter Sports: The Ultimate Challenge,1,"Racing / Driving,Sports",,0.47,16.95,52,Nintendo Wii,E,2007
517,WWE Smackdown vs. Raw 2008,4,Sports,THQ,0.46,16.95,68,Sony PSP,E,2007
518,Tiger Woods PGA Tour 07,4,Sports,EA,0.46,17.95,71,Nintendo Wii,T,2007
519,Crash of the Titans,1,Action,,0.46,17.95,73,Nintendo DS,T,2007
520,Sonic Rivals 2,1,Action,Sega,0.46,22.95,60,Sony PSP,M,2007
521,Boogie,2,Action,EA,0.45,17.95,57,Nintendo Wii,T,2007
522,Medal of Honor: Airborne,2,Action,EA,0.45,17.95,73,X360,E,2007
523,The Sims 2: Castaway,1,Simulation,EA,0.45,17.95,73,Nintendo Wii,T,2007
524,Spider-Man 3,1,Action,Activision,0.45,14.95,53,Nintendo Wii,T,2007
525,Lost Odyssey,1,Role-Playing (RPG),Microsoft,0.45,19.95,78,X360,T,2007
526,Bee Movie Game,1,Adventure,Activision,0.44,17.95,58,Nintendo DS,E,2007
527,Spider-Man 3,1,Action,Activision,0.44,16.95,79,Nintendo DS,M,2007
528,Final Fantasy Tactics,1,"Role-Playing (RPG),Strategy",SquareEnix,0.44,17.95,88,Sony PSP,M,2007
529,Endless Ocean,1,Simulation,Nintendo,0.44,24.95,72,Nintendo Wii,E,2007
530,SingStar,6,Simulation,Sony,0.43,14.95,82,PlayStation 3,E,2007
531,Ratatouille,1,Action,THQ,0.43,19.95,62,Nintendo Wii,T,2007
532,The Sims 2: Pets,1,Simulation,EA,0.43,22.95,65,Nintendo Wii,T,2007
533,Two Worlds,1,"Action,Role-Playing (RPG)",,0.43,14.95,50,X360,M,2007
534,Crash of the Titans,2,Action,,0.42,17.95,69,Nintendo Wii,E,2007
535,Sonic the Hedgehog,2,Action,Sega,0.41,14.95,46,X360,T,2007
536,Mega Man Star Force: Dragon,1,"Action,Role-Playing (RPG)",Capcom,0.41,27.95,60,Nintendo DS,T,2007
537,Sonic the Hedgehog,2,Action,Sega,0.4,16.95,43,PlayStation 3,M,2007
538,Harry Potter and the Order of the Phoenix,1,Action,EA,0.4,24.95,69,Nintendo Wii,T,2007
539,Nicktoons: Attack of the Toybots,1,Action,THQ,0.4,14.95,60,Nintendo Wii,T,2007
540,WWE Smackdown vs. Raw 2008,4,Sports,THQ,0.39,12.95,59,Nintendo Wii,M,2007
541,The Simpsons Game,2,Action,EA,0.39,17.95,71,PlayStation 3,E,2007
542,DiRT,1,"Racing / Driving,Simulation,Sports",,0.39,17.95,83,X360,E,2007
543,Kane & Lynch: Dead Men,2,Action,Eidos,0.38,14.95,65,X360,E,2007
544,Jam Sessions,1,"Educational,Simulation",Ubisoft,0.38,8.95,72,Nintendo DS,T,2007
545,Monster Hunter Freedom 2,1,"Action,Strategy",Capcom,0.38,12.95,72,Sony PSP,T,2007
546,Shadowrun,1,Action,Microsoft,0.38,12.95,66,X360,E,2007
547,Thrillville: Off the Rails,4,"Simulation,Strategy",,0.37,16.95,70,Nintendo Wii,E,2007
548,Tony Hawk's Proving Ground,2,Sports,Activision,0.37,12.95,73,PlayStation 3,E,2007
549,My Word Coach,1,Educational,Ubisoft,0.37,15.95,71,Nintendo DS,T,2007
550,The World Ends With You,1,"Action,Adventure,Role-Playing (RPG)",SquareEnix,0.37,17.95,88,Nintendo DS,M,2007
551,The BIGS,4,"Action,Simulation,Sports",2K,0.36,17.95,66,Nintendo Wii,M,2007
552,NCAA Football 08,2,Sports,EA,0.36,9.95,77,PlayStation 3,T,2007
553,Final Fantasy Tactics A2: Grimoire of the Rift,1,"Role-Playing (RPG),Strategy",SquareEnix,0.36,17.95,80,Nintendo DS,E,2007
554,Beowulf: The Game,1,Action,Ubisoft,0.36,12.95,51,X360,E,2007
555,The Darkness,1,Action,2K,0.36,14.95,82,X360,M,2007
556,Tom Clancy's Ghost Recon: Advanced Warfighter 2...,4,Action,Ubisoft,0.35,17.95,84,PlayStation 3,T,2007
557,Final Fantasy,1,Role-Playing (RPG),SquareEnix,0.35,17.95,67,Sony PSP,T,2007
558,Lair,1,Action,Sony,0.35,19.95,53,PlayStation 3,E,2007
559,Transformers: The Game,1,Action,Activision,0.35,17.95,53,Nintendo Wii,T,2007
560,Command & Conquer 3: Tiberium Wars,1,Strategy,EA,0.35,24.95,82,X360,T,2007
561,Overlord,1,"Action,Strategy",,0.35,17.95,76,X360,M,2007
562,Diner Dash,1,Action,,0.34,17.95,64,Nintendo DS,T,2007
563,Medal of Honor: Heroes 2,1,Action,EA,0.34,19.95,73,Nintendo Wii,E,2007
564,MX vs. ATV Untamed,2,Racing / Driving,THQ,0.33,17.95,67,PlayStation 3,T,2007
565,Time Crisis 4,2,Action,Namco,0.33,24.95,60,PlayStation 3,M,2007
566,Dragon Ball Z: Budokai Tenkaichi 3,2,Action,Atari,0.33,17.95,72,Nintendo Wii,E,2007
567,Final Fantasy XII: Revenant Wings,1,"Role-Playing (RPG),Strategy",SquareEnix,0.33,19.95,81,Nintendo DS,T,2007
568,SOCOM: U.S. Navy SEALs - Tactical Strike,1,"Action,Strategy",Sony,0.33,14.95,72,Sony PSP,M,2007
569,Unreal Tournament III,1,Action,Midway,0.33,16.95,86,PlayStation 3,M,2007
570,Bee Movie Game,2,Action,Activision,0.32,14.95,62,Nintendo Wii,E,2007
571,Def Jam: Icon,2,Action,EA,0.32,17.95,69,X360,M,2007
572,Transformers: The Game,1,Action,Activision,0.32,17.95,54,PlayStation 3,E,2007
573,TimeShift,1,Action,,0.32,12.95,70,X360,M,2007
574,SSX Blur,4,Sports,EA,0.31,17.95,74,Nintendo Wii,E,2007
575,Bleach: The Blade of Fate,1,Action,Sega,0.31,17.95,83,Nintendo DS,E,2007
576,EA Playground,1,"Racing / Driving,Sports",EA,0.31,11.95,60,Nintendo DS,E,2007
577,Final Fantasy II,1,Role-Playing (RPG),SquareEnix,0.31,17.95,63,Sony PSP,E,2007
578,The Eye of Judgment,2,Strategy,Sony,0.3,12.95,75,PlayStation 3,E,2007
579,MLB 07: The Show,2,Sports,Sony,0.3,9.95,77,PlayStation 3,T,2007
580,Virtua Fighter 5,2,Action,Sega,0.3,14.95,85,PlayStation 3,M,2007
581,NiGHTS: Journey of Dreams,2,Action,Sega,0.3,14.95,69,Nintendo Wii,M,2007
582,Puzzle Quest: Challenge of the Warlords,1,"Role-Playing (RPG),Strategy",,0.3,17.95,82,Nintendo DS,E,2007
583,NBA Live 08,1,Sports,EA,0.3,14.95,73,Sony PSP,E,2007
584,Kane & Lynch: Dead Men,2,Action,Eidos,0.29,19.95,64,PlayStation 3,E,2007
585,Crash of the Titans,2,Action,,0.29,17.95,65,X360,E,2007
586,Harry Potter and the Order of the Phoenix,1,Action,EA,0.29,17.95,51,Nintendo DS,E,2007
587,SimCity DS,1,Simulation,EA,0.29,14.95,69,Nintendo DS,T,2007
588,Wario: Master of Disguise,1,Action,Nintendo,0.29,14.95,60,Nintendo DS,E,2007
589,No More Heroes,1,"Action,Racing / Driving",Ubisoft,0.29,17.95,83,Nintendo Wii,M,2007
590,BlackSite: Area 51,1,Action,Midway,0.29,17.95,62,X360,E,2007
591,Shrek the Third,2,Action,Activision,0.28,14.95,56,X360,E,2007
592,Shrek the Third,1,Adventure,Activision,0.28,16.95,70,Nintendo DS,T,2007
593,Surf's Up,1,"Racing / Driving,Sports",Ubisoft,0.28,14.95,56,Nintendo DS,T,2007
594,MLB 07: The Show,1,Sports,Sony,0.28,9.95,82,Sony PSP,E,2007
595,TMNT,1,Action,Ubisoft,0.28,19.95,58,X360,E,2007
596,Spider-Man: Friend or Foe,2,Action,Activision,0.27,17.95,60,X360,E,2007
597,Contra 4,1,Action,Konami,0.27,17.95,83,Nintendo DS,T,2007
598,Phoenix Wright: Ace Attorney - Trials and Tribu...,1,"Adventure,Simulation",Capcom,0.27,17.95,81,Nintendo DS,T,2007
599,Disney Pirates of the Caribbean: At World's End,1,Action,Disney,0.27,14.95,66,Nintendo DS,T,2007
600,Dragon Ball Z: Shin Budokai - Another Road,1,Action,"Atari,Namco",0.27,16.95,65,Sony PSP,E,2007
601,Spider-Man 3,1,Action,Activision,0.27,17.95,60,PlayStation 3,E,2007
602,The Golden Compass,1,Action,Sega,0.27,9.95,41,X360,M,2007
603,Stuntman: Ignition,4,"Action,Racing / Driving",THQ,0.26,14.95,75,X360,T,2007
604,Chicken Shoot,2,Action,,0.26,12.95,27,Nintendo Wii,E,2007
605,Shrek the Third,2,Action,Activision,0.26,16.95,57,Nintendo Wii,E,2007
606,DK: Jungle Climber,1,"Action,Strategy",Nintendo,0.26,24.95,77,Nintendo DS,T,2007
607,Dragon Quest IV: Chapters of the Chosen,1,Role-Playing (RPG),SquareEnix,0.26,24.95,80,Nintendo DS,T,2007
608,300: March to Glory,1,Action,Eidos,0.26,14.95,55,Sony PSP,E,2007
609,Fire Emblem: Radiant Dawn,1,"Role-Playing (RPG),Strategy",Nintendo,0.26,34.95,78,Nintendo Wii,T,2007
610,The Golden Compass,1,Action,Sega,0.26,14.95,35,Nintendo Wii,E,2007
611,Manhunt 2,1,Action,Rockstar,0.26,19.95,62,Nintendo Wii,E,2007
612,NASCAR 08,1,"Racing / Driving,Sports",EA,0.25,12.95,59,X360,E,2007
613,Virtua Tennis 3,4,Sports,Sega,0.24,19.95,80,PlayStation 3,E,2007
614,All-Pro Football 2K8,4,Sports,2K,0.24,7.95,75,X360,T,2007
615,Major League Baseball 2K7,2,Sports,2K,0.24,7.95,74,PlayStation 3,M,2007
616,The Warriors,1,Action,Rockstar,0.24,17.95,52,Sony PSP,T,2007
617,Ghost Rider,4,Action,2K,0.23,16.95,49,Sony PSP,T,2007
618,Tony Hawk's Proving Ground,2,Sports,Activision,0.23,16.95,57,Nintendo Wii,E,2007
619,Juiced 2: Hot Import Nights,2,Racing / Driving,THQ,0.23,14.95,68,X360,E,2007
620,Juiced 2: Hot Import Nights,1,Racing / Driving,THQ,0.23,13.95,72,Nintendo DS,T,2007
621,The Simpsons Game,1,Action,EA,0.23,16.95,59,Sony PSP,M,2007
622,Syphon Filter: Logan's Shadow,1,"Action,Strategy",Sony,0.23,16.95,85,Sony PSP,T,2007
623,Tiger Woods PGA Tour 08,4,Sports,EA,0.22,12.95,79,PlayStation 3,T,2007
624,Ratatouille,4,Action,THQ,0.22,16.95,56,X360,T,2007
625,Trauma Center: New Blood,2,"Action,Simulation",Nintendo,0.22,17.95,77,Nintendo Wii,E,2007
626,Hotel Dusk: Room 215,1,Adventure,Nintendo,0.22,14.95,78,Nintendo DS,E,2007
627,Mega Man ZX Advent,1,Action,Capcom,0.22,17.95,78,Nintendo DS,T,2007
628,Silent Hill: 0rigins,1,Action,Konami,0.22,17.95,78,Sony PSP,E,2007
629,Harry Potter and the Order of the Phoenix,1,Action,EA,0.22,16.95,68,X360,M,2007
630,NHL 08 ,1,Sports,EA,0.22,9.95,85,X360,E,2007
631,Castlevania: The Dracula X Chronicles,2,Action,Konami,0.21,16.95,80,Sony PSP,E,2007
632,Tony Hawk's Proving Ground,1,Sports,Activision,0.21,13.95,39,Nintendo DS,M,2007
633,Jeanne d'Arc,1,"Role-Playing (RPG),Strategy",Sony,0.21,19.95,87,Sony PSP,T,2007
634,BWii: Battalion Wars 2,1,"Action,Simulation,Strategy",Nintendo,0.21,14.95,75,Nintendo Wii,T,2007
635,Battlestations: Midway,1,"Action,Strategy",Eidos,0.21,17.95,73,X360,T,2007
636,Dragon Ball Z: Harukanaru Densetsu,1,Strategy,Atari,0.2,14.95,57,Nintendo DS,T,2007
637,Touch the Dead,1,Action,,0.2,16.95,56,Nintendo DS,T,2007
638,The Darkness,1,Action,2K,0.2,14.95,80,PlayStation 3,E,2007
639,Donkey Kong Barrel Blast,4,Racing / Driving,Nintendo,0.19,29.95,46,Nintendo Wii,T,2007
640,The BIGS,4,"Action,Simulation,Sports",2K,0.19,12.95,79,X360,M,2007
641,Armored Core 4,2,Action,Sega,0.19,17.95,65,X360,E,2007
642,Etrian Odyssey,1,Role-Playing (RPG),Nintendo,0.19,24.95,75,Nintendo DS,E,2007
643,Ben 10: Protector of the Earth,1,Action,,0.19,16.95,60,Sony PSP,T,2007
644,Tom Clancy's Splinter Cell: Double Agent,1,"Action,Strategy",Ubisoft,0.19,22.95,78,PlayStation 3,M,2007
645,Looney Tunes: Acme Arsenal,1,Action,,0.19,14.95,27,Nintendo Wii,T,2007
646,Zack & Wiki: Quest for Barbaros' Treasure,1,Adventure,Capcom,0.19,17.95,87,Nintendo Wii,E,2007
647,Monster Jam,4,Sports,Activision,0.18,17.95,43,X360,M,2007
648,Virtua Fighter 5,2,Action,Sega,0.18,17.95,89,X360,E,2007
649,Lunar Knights,1,Action,Konami,0.18,16.95,82,Nintendo DS,T,2007
650,Enchanted Arms,1,Role-Playing (RPG),Ubisoft,0.18,17.95,64,PlayStation 3,E,2007
651,F.E.A.R.: First Encounter Assault Recon,1,Action,,0.18,17.95,72,PlayStation 3,T,2007
652,Folklore,1,"Action,Role-Playing (RPG)",Sony,0.18,24.95,75,PlayStation 3,E,2007
653,Juiced 2: Hot Import Nights,1,Racing / Driving,THQ,0.18,17.95,71,PlayStation 3,T,2007
654,The Elder Scrolls IV: Shivering Isles,1,"Action,Role-Playing (RPG)",,0.18,24.95,86,X360,E,2007
655,NHL 08,7,Sports,EA,0.17,9.95,86,PlayStation 3,T,2007
656,NCAA 07 March Madness,4,Sports,EA,0.17,7.95,67,X360,E,2007
657,Rayman Raving Rabbids,4,Action,Ubisoft,0.17,16.95,67,X360,M,2007
658,Viva Pi$?ata: Party Animals,4,Racing / Driving,Microsoft,0.17,14.95,56,X360,T,2007
659,Warriors Orochi,2,"Action,Role-Playing (RPG)",,0.17,19.95,53,X360,E,2007
660,Luminous Arc,1,"Role-Playing (RPG),Strategy",,0.17,24.95,70,Nintendo DS,T,2007
661,Picross DS,1,Strategy,Nintendo,0.17,17.95,83,Nintendo DS,E,2007
662,Harry Potter and the Order of the Phoenix,1,Action,EA,0.17,17.95,67,PlayStation 3,E,2007
663,College Hoops 2K7,6,Sports,2K,0.16,6.95,81,PlayStation 3,E,2007
664,The BIGS,4,"Action,Simulation,Sports",2K,0.16,22.95,80,PlayStation 3,T,2007
665,Stuntman: Ignition,4,"Action,Racing / Driving",THQ,0.16,16.95,76,PlayStation 3,E,2007
666,Mortal Kombat: Armageddon,4,"Action,Racing / Driving",Midway,0.16,24.95,71,Nintendo Wii,E,2007
667,Def Jam: Icon,2,Action,EA,0.16,16.95,68,PlayStation 3,E,2007
668,Soulcalibur Legends,2,Action,Namco,0.16,16.95,52,Nintendo Wii,E,2007
669,Surf's Up,2,Sports,Ubisoft,0.16,16.95,64,Nintendo Wii,T,2007
670,Planet Puzzle League,1,Strategy,Nintendo,0.16,17.95,86,Nintendo DS,E,2007
671,DiRT,1,"Racing / Driving,Simulation,Sports",,0.16,17.95,83,PlayStation 3,E,2007
672,TMNT,1,Action,Ubisoft,0.16,17.95,60,Nintendo Wii,E,2007
673,Soldier of Fortune: Payback,1,Action,Activision,0.16,13.95,50,X360,M,2007
674,Dynasty Warriors: Gundam,2,Action,Namco,0.15,22.95,60,PlayStation 3,E,2007
675,Disney Pirates of the Caribbean: At World's End,2,Action,Disney,0.15,14.95,55,PlayStation 3,M,2007
676,Bee Movie Game,2,Action,Activision,0.15,12.95,71,X360,T,2007
677,Dynasty Warriors: Gundam,2,Action,Namco,0.15,22.95,55,X360,M,2007
678,Golden Axe,2,Action,Sega,0.15,14.95,45,X360,M,2007
679,Dementium: The Ward,1,Action,,0.15,17.95,72,Nintendo DS,M,2007
680,Rondo of Swords,1,"Role-Playing (RPG),Strategy",,0.15,19.95,69,Nintendo DS,E,2007
681,Disgaea: Afternoon of Darkness,1,"Role-Playing (RPG),Strategy",,0.15,17.95,87,Sony PSP,M,2007
682,NASCAR 08,1,"Racing / Driving,Sports",EA,0.15,14.95,57,PlayStation 3,M,2007
683,Dragon Quest Swords: The Masked Queen and the T...,1,Action,SquareEnix,0.15,16.95,65,Nintendo Wii,T,2007
684,Call of Juarez,1,Action,Ubisoft,0.15,14.95,71,X360,E,2007
685,College Hoops 2K8,1,Sports,2K,0.15,9.95,81,X360,M,2007
686,Eternal Sonata,1,Role-Playing (RPG),Namco,0.15,27.95,79,X360,M,2007
687,Kingdom Under Fire: Circle of Doom,1,"Action,Role-Playing (RPG)",Microsoft,0.15,14.95,55,X360,E,2007
688,Vampire Rain,1,Action,Microsoft,0.15,11.95,38,X360,T,2007
689,All-Pro Football 2K8,6,Sports,2K,0.14,9.95,73,PlayStation 3,T,2007
690,Mercury Meltdown,2,Strategy,,0.14,12.95,77,Nintendo Wii,E,2007
691,Conan,1,"Action,Adventure",THQ,0.14,17.95,69,PlayStation 3,E,2007
692,Godzilla: Unleashed,1,Action,Atari,0.14,24.95,44,Nintendo Wii,E,2007
693,NBA Live 08,1,Sports,EA,0.14,14.95,52,Nintendo Wii,M,2007
694,Conan,1,"Action,Adventure",THQ,0.14,14.95,69,X360,E,2007
695,Spider-Man: Friend or Foe,2,Action,Activision,0.13,17.95,59,Nintendo Wii,T,2007
696,College Hoops 2K8,7,Sports,2K,0.12,12.95,82,PlayStation 3,M,2007
697,NBA 08,4,Sports,Sony,0.12,9.95,63,PlayStation 3,M,2007
698,Thrillville: Off the Rails,4,"Simulation,Strategy",,0.12,17.95,73,X360,E,2007
699,Geometry Wars: Galaxies,1,Action,,0.12,14.95,79,Nintendo DS,T,2007
700,Rayman Raving Rabbids,1,Action,Ubisoft,0.12,17.95,56,Nintendo DS,M,2007
701,WordJong,1,Strategy,,0.12,17.95,77,Nintendo DS,M,2007
702,"Warhammer 40,000: Squad Command",1,Strategy,THQ,0.12,17.95,67,Sony PSP,T,2007
703,Beowulf: The Game,1,Action,Ubisoft,0.12,12.95,51,PlayStation 3,T,2007
704,The Golden Compass,1,Action,Sega,0.12,12.95,40,PlayStation 3,M,2007
705,Scarface: The World is Yours,1,"Action,Racing / Driving",,0.12,22.95,71,Nintendo Wii,M,2007
706,Hot Wheels: Beat That!,1,"Action,Racing / Driving",Activision,0.12,19.95,43,X360,T,2007
707,NHL 2K8 ,1,Sports,2K,0.12,6.95,71,X360,T,2007
708,NBA Street Homecourt,4,Sports,EA,0.11,14.95,81,PlayStation 3,E,2007
709,Geometry Wars: Galaxies,2,Action,,0.11,16.95,80,Nintendo Wii,T,2007
710,Final Fantasy: Crystal Chronicles - Echoes of Time,1,Action,SquareEnix,0.11,24.95,75,Nintendo DS,T,2007
711,Godzilla Unleashed: Double Smash,1,Action,Atari,0.11,17.95,28,Nintendo DS,T,2007
712,MX vs. ATV Untamed,1,Racing / Driving,THQ,0.11,17.95,61,Nintendo DS,E,2007
713,WWE SmackDown vs. Raw 2008,1,Sports,THQ,0.11,14.95,61,Nintendo DS,T,2007
714,The BIGS,1,"Action,Simulation,Sports",2K,0.11,16.95,72,Sony PSP,M,2007
715,Brave Story: New Traveler,1,Role-Playing (RPG),,0.11,17.95,76,Sony PSP,T,2007
716,WipEout Pulse,1,"Action,Racing / Driving",Sony,0.11,16.95,82,Sony PSP,T,2007
717,TimeShift,1,Action,,0.11,16.95,70,PlayStation 3,M,2007
718,Star Trek: Conquest,1,"Action,Strategy",,0.11,27.95,49,Nintendo Wii,T,2007
719,Beautiful Katamari,1,Action,Namco,0.11,17.95,73,X360,M,2007
720,Hour of Victory,1,Action,Midway,0.11,12.95,37,X360,M,2007
721,Fantastic Four: Rise of the Silver Surfer,4,Action,2K,0.1,14.95,47,PlayStation 3,M,2007
722,SEGA Rally Revo,2,"Racing / Driving,Simulation",Sega,0.1,14.95,77,X360,E,2007
723,7 Wonders of the Ancient World,1,Strategy,,0.1,17.95,60,Nintendo DS,T,2007
724,Draglade,1,Action,,0.1,16.95,71,Nintendo DS,M,2007
725,Final Fantasy Fables: Chocobo Tales,1,Action,SquareEnix,0.1,17.95,75,Nintendo DS,M,2007
726,Marvel Trading Card Game,1,Strategy,Konami,0.1,16.95,61,Nintendo DS,M,2007
727,Crazy Taxi: Fare Wars,1,"Action,Racing / Driving",Sega,0.1,17.95,64,Sony PSP,E,2007
728,The Golden Compass,1,Action,Sega,0.1,14.95,28,Sony PSP,E,2007
729,Harry Potter and the Order of the Phoenix,1,Action,EA,0.1,16.95,52,Sony PSP,E,2007
730,Bladestorm: The Hundred Years' War,1,"Action,Role-Playing (RPG),Strategy",,0.1,44.95,58,PlayStation 3,E,2007
731,Surf's Up,4,Sports,Ubisoft,0.09,17.95,61,X360,E,2007
732,Blazing Angels 2: Secret Missions of WWII,2,Action,Ubisoft,0.09,16.95,72,X360,M,2007
733,InuYasha: Secret of the Divine Jewel,1,Role-Playing (RPG),Namco,0.09,24.95,46,Nintendo DS,T,2007
734,The Settlers,1,Strategy,Ubisoft,0.09,17.95,39,Nintendo DS,T,2007
735,Shrek the Third,1,Action,Activision,0.09,22.95,57,Sony PSP,T,2007
736,Ratatouille,1,Action,THQ,0.09,17.95,55,PlayStation 3,T,2007
737,Soldier of Fortune: Payback,1,Action,Activision,0.09,14.95,50,PlayStation 3,E,2007
738,Heatseeker,1,Action,,0.09,17.95,62,Nintendo Wii,T,2007
739,NHL 2K8,7,Sports,,0.08,9.95,74,PlayStation 3,E,2007
740,NCAA March Madness 08,4,Sports,EA,0.08,12.95,67,PlayStation 3,E,2007
741,Fantastic Four: Rise of the Silver Surfer,4,Action,2K,0.08,14.95,45,X360,E,2007
742,Monster Madness: Battle for Suburbia,4,Action,,0.08,14.95,55,X360,E,2007
743,Pro Evolution Soccer 2008,4,Sports,Konami,0.08,14.95,76,X360,M,2007
744,Blazing Angels 2: Secret Missions of WWII,2,Action,Ubisoft,0.08,22.95,70,PlayStation 3,T,2007
745,Cake Mania,1,Action,,0.08,16.95,55,Nintendo DS,M,2007
746,River King: Mystic Valley,1,"Adventure,Simulation,Sports",,0.08,24.95,54,Nintendo DS,T,2007
747,Touch Detective 2 1/2,1,Adventure,,0.08,14.95,67,Nintendo DS,T,2007
748,7 Wonders of the Ancient World,1,Strategy,,0.08,17.95,51,Sony PSP,E,2007
749,Brooktown High,1,Simulation,Konami,0.08,16.95,51,Sony PSP,T,2007
750,Crush,1,Action,Sega,0.08,16.95,83,Sony PSP,E,2007
751,Jackass: The Game,1,Action,,0.08,17.95,58,Sony PSP,E,2007
752,The Sims 2: Castaway,1,Simulation,EA,0.08,17.95,64,Sony PSP,T,2007
753,Test Drive Unlimited,1,Racing / Driving,Atari,0.08,17.95,80,Sony PSP,M,2007
754,Thrillville: Off the Rails,1,"Simulation,Strategy",,0.08,16.95,72,Sony PSP,T,2007
755,Victorious Boxers: Revolution,1,"Action,Simulation,Sports",Ubisoft,0.08,24.95,59,Nintendo Wii,E,2007
756,Bladestorm: The Hundred Years' War,1,"Action,Role-Playing (RPG),Strategy",,0.08,34.95,63,X360,T,2007
757,Looney Tunes: Acme Arsenal,4,Action,,0.07,17.95,40,X360,M,2007
758,SEGA Rally Revo,2,"Racing / Driving,Simulation",Sega,0.07,16.95,75,PlayStation 3,T,2007
759,Death Jr. and the Science Fair of Doom,1,Action,Konami,0.07,12.95,47,Nintendo DS,M,2007
760,Indianapolis 500 Legends,1,Racing / Driving,,0.07,16.95,51,Nintendo DS,T,2007
761,Worms: Open Warfare 2,1,"Action,Strategy",THQ,0.07,17.95,81,Nintendo DS,E,2007
762,Alien Syndrome,1,Action,Sega,0.07,12.95,51,Sony PSP,E,2007
763,BlackSite: Area 51,1,Action,Midway,0.07,17.95,56,PlayStation 3,E,2007
764,Code Lyoko: Quest for Infinity,1,Action,,0.07,17.95,58,Nintendo Wii,T,2007
765,Super Swing Golf Season 2,1,Sports,,0.07,19.95,70,Nintendo Wii,M,2007
766,FlatOut: Ultimate Carnage,1,Racing / Driving,,0.07,16.95,80,X360,E,2007
767,Zoids Assault,1,"Role-Playing (RPG),Strategy",,0.07,17.95,46,X360,M,2007
768,Alien Syndrome,4,Action,Sega,0.06,12.95,48,Nintendo Wii,E,2007
769,Tetris Evolution,4,Strategy,THQ,0.06,17.95,52,X360,T,2007
770,Heroes of Mana,1,Strategy,SquareEnix,0.06,24.95,66,Nintendo DS,T,2007
771,Myst,1,Adventure,Midway,0.06,24.95,43,Nintendo DS,E,2007
772,Coded Arms: Contagion,1,Action,Konami,0.06,14.95,56,Sony PSP,E,2007
773,King of Clubs,1,Sports,,0.06,14.95,35,Nintendo Wii,E,2007
774,F.E.A.R. Files,1,Action,,0.06,17.95,66,X360,E,2007
775,Ontamarama,1,Action,,0.05,17.95,71,Nintendo DS,M,2007
776,Retro Game Challenge,1,"Action,Racing / Driving,Role-Playing (RPG)",Namco,0.05,17.95,77,Nintendo DS,T,2007
777,Ultimate Mortal Kombat 3,1,Action,Midway,0.05,23.95,73,Nintendo DS,E,2007
778,"Warhammer 40,000: Squad Command",1,Strategy,THQ,0.05,17.95,57,Nintendo DS,T,2007
779,Juiced 2: Hot Import Nights,1,Racing / Driving,THQ,0.05,16.95,73,Sony PSP,E,2007
780,Pursuit Force: Extreme Justice,1,"Action,Racing / Driving",Sony,0.05,14.95,73,Sony PSP,E,2007
781,Medal of Honor: Vanguard,1,Action,EA,0.05,17.95,56,Nintendo Wii,T,2007
782,World Series of Poker 2008: Battle for the Brac...,1,Simulation,Activision,0.05,19.95,74,X360,E,2007
783,Pro Evolution Soccer 2008,7,Sports,Konami,0.04,17.95,74,PlayStation 3,E,2007
784,Worms: Open Warfare 2,4,"Action,Strategy",THQ,0.04,17.95,80,Sony PSP,T,2007
785,Surf's Up,4,Sports,Ubisoft,0.04,17.95,59,PlayStation 3,E,2007
786,Fantastic Four: Rise of the Silver Surfer,4,Action,2K,0.04,12.95,39,Nintendo Wii,E,2007
787,Brothers in Arms DS,1,Action,Ubisoft,0.04,17.95,72,Nintendo DS,E,2007
788,Bubble Bobble Double Shot,1,Action,,0.04,17.95,50,Nintendo DS,E,2007
789,Fantastic Four: Rise of the Silver Surfer,1,Action,2K,0.04,14.95,35,Nintendo DS,E,2007
790,Zendoku,1,"Role-Playing (RPG),Strategy",Eidos,0.04,16.95,68,Nintendo DS,E,2007
791,Heatseeker,1,Action,,0.04,12.95,49,Sony PSP,T,2007
792,Manhunt 2,1,Action,Rockstar,0.04,7.95,69,Sony PSP,T,2007
793,SWAT: Target Liberty,1,"Action,Strategy",,0.04,12.95,50,Sony PSP,E,2007
794,Anubis II,1,Action,,0.04,9.95,19,Nintendo Wii,M,2007
795,Barnyard,1,"Action,Adventure",THQ,0.04,17.95,65,Nintendo Wii,T,2007
796,Escape from Bug Island,1,Action,Eidos,0.04,14.95,37,Nintendo Wii,T,2007
797,Octomania,1,"Action,Strategy",,0.04,14.95,66,Nintendo Wii,M,2007
798,Cabela's Big Game Hunter,1,"Simulation,Sports",Activision,0.04,19.95,51,X360,E,2007
799,UEFA Champions League 2006-2007,4,Sports,EA,0.03,6.95,72,X360,T,2007
800,Aliens Vs Predator: Requiem,2,Action,,0.03,17.95,49,Sony PSP,T,2007
801,NBA 08,2,Sports,Sony,0.03,7.95,75,Sony PSP,E,2007
802,Guilty Gear XX ? Core,2,Action,,0.03,24.95,75,Nintendo Wii,E,2007
803,Arkanoid DS,1,Strategy,SquareEnix,0.03,16.95,61,Nintendo DS,E,2007
804,Code Lyoko,1,"Action,Adventure",,0.03,11.95,63,Nintendo DS,T,2007
805,Dynasty Warriors DS: Fighter's Battle,1,"Action,Strategy",,0.03,14.95,56,Nintendo DS,T,2007
806,Orcs & Elves,1,"Action,Role-Playing (RPG)",EA,0.03,14.95,68,Nintendo DS,T,2007
807,Prism: Light the Way,1,"Action,Strategy",Eidos,0.03,16.95,73,Nintendo DS,T,2007
808,Dead Head Fred,1,Action,,0.03,12.95,75,Sony PSP,E,2007
809,Hot Pixel,1,Action,Atari,0.03,8.95,55,Sony PSP,T,2007
810,The Legend of Heroes III: Song of the Ocean,1,Role-Playing (RPG),Namco,0.03,17.95,58,Sony PSP,T,2007
811,SEGA Rally Revo,1,"Racing / Driving,Simulation",Sega,0.03,16.95,74,Sony PSP,T,2007
812,Bionicle Heroes,1,Action,Eidos,0.03,17.95,52,Nintendo Wii,T,2007
813,Burnout Dominator,4,"Action,Racing / Driving",EA,0.02,17.95,76,Sony PSP,T,2007
814,Samurai Warriors 2: Empires,2,"Action,Role-Playing (RPG),Strategy",,0.02,19.95,53,X360,E,2007
815,Meteos: Disney Magic,1,Strategy,Disney,0.02,12.95,74,Nintendo DS,T,2007
816,Turn It Around,1,"Racing / Driving,Sports",,0.02,9.95,39,Nintendo DS,E,2007
817,Cube,1,Strategy,,0.02,17.95,60,Sony PSP,T,2007
818,Dragoneer's Aria,1,Role-Playing (RPG),,0.02,24.95,56,Sony PSP,E,2007
819,The Fast and the Furious,1,Racing / Driving,Namco,0.02,22.95,58,Sony PSP,M,2007
820,R-Type Command,1,Strategy,,0.02,14.95,69,Sony PSP,M,2007
821,Virtua Tennis 3,1,Sports,Sega,0.02,16.95,79,Sony PSP,M,2007
822,Virtua Tennis 3,4,Sports,Sega,0.01,14.95,80,X360,T,2007
823,Front Mission,1,Strategy,SquareEnix,0.01,17.95,72,Nintendo DS,E,2007
824,Lost in Blue 2,1,Role-Playing (RPG),Konami,0.01,17.95,58,Nintendo DS,T,2007
825,Nervous Brickdown,1,Action,,0.01,17.95,70,Nintendo DS,E,2007
826,Sea Monsters: A Prehistoric Adventure,1,"Action,Educational",,0.01,13.95,43,Nintendo DS,T,2007
827,After Burner: Black Falcon,1,Action,Sega,0.01,19.95,73,Sony PSP,M,2007
828,Capcom Puzzle World,1,Strategy,Capcom,0.01,19.95,65,Sony PSP,M,2007
829,Puzzle Quest: Challenge of the Warlords,1,"Role-Playing (RPG),Strategy",,0.01,17.95,84,Sony PSP,T,2007
830,Smash Court Tennis 3,1,Sports,Namco,0.01,19.95,68,Sony PSP,T,2007
831,UEFA Champions League 2006-2007,1,Sports,EA,0.01,14.95,71,Sony PSP,T,2007
832,Driver: Parallel Lines,1,"Action,Racing / Driving",Ubisoft,0.01,24.95,59,Nintendo Wii,E,2007
833,Mario Kart Wii,4,Racing / Driving,Nintendo,12.39,29.95,82,Nintendo Wii,T,2008
834,Grand Theft Auto IV,1,"Action,Racing / Driving",Rockstar,5.76,24.95,98,X360,E,2008
835,Super Smash Bros.: Brawl,6,Action,Nintendo,5.71,39.95,93,Nintendo Wii,T,2008
836,Call of Duty: World at War,4,Action,Activision,4.58,29.95,84,X360,E,2008
837,Grand Theft Auto IV,1,"Action,Racing / Driving",Rockstar,3.91,24.95,98,PlayStation 3,E,2008
838,Gears of War 2,2,Action,Microsoft,3.9,24.95,93,X360,E,2008
839,Pokmon: Platinum Version,1,"Adventure,Role-Playing (RPG)",Nintendo,2.86,27.95,83,Nintendo DS,T,2008
840,Metal Gear Solid 4: Guns of the Patriots,1,Action,Konami,2.58,22.95,94,PlayStation 3,T,2008
841,Fable II,1,Role-Playing (RPG),Microsoft,2.55,17.95,89,X360,E,2008
842,Call of Duty: World at War,4,Action,Activision,2.53,29.95,85,PlayStation 3,T,2008
843,Guitar Hero: World Tour,4,"Action,Simulation",Activision,2.47,17.95,86,Nintendo Wii,T,2008
844,LittleBigPlanet,4,Action,Sony,2.46,24.95,95,PlayStation 3,T,2008
845,Fallout 3,1,"Action,Role-Playing (RPG)",,2.44,17.95,93,X360,T,2008
846,LEGO Indiana Jones: The Original Adventures,2,Action,,2.42,9.95,77,X360,M,2008
847,Left 4 Dead,2,Action,,2.39,19.95,89,X360,M,2008
848,Madden NFL 09,4,Sports,EA,2.33,14.95,83,X360,T,2008
849,Guitar Hero: On Tour,1,"Action,Simulation",Activision,2.22,14.95,71,Nintendo DS,M,2008
850,Kung Fu Panda,4,Action,Activision,2.04,9.95,75,X360,E,2008
851,Rock Band 2,4,"Action,Simulation",,1.85,19.95,92,X360,E,2008
852,Sega Superstars Tennis,4,Sports,Sega,1.84,9.95,67,X360,E,2008
853,Guitar Hero: World Tour,4,"Action,Simulation",Activision,1.78,16.95,85,X360,T,2008
854,Animal Crossing: City Folk,1,Simulation,Nintendo,1.78,29.95,73,Nintendo Wii,T,2008
855,Mario & Sonic at the Olympic Games,1,"Action,Sports","Nintendo,Sega",1.74,24.95,70,Nintendo DS,T,2008
856,Madden NFL 09,4,Sports,EA,1.66,14.95,85,PlayStation 3,E,2008
857,LEGO Batman: The Videogame,2,Action,,1.64,14.95,76,X360,T,2008
858,Tom Clancy's Rainbow Six: Vegas 2,2,Action,Ubisoft,1.61,16.95,82,X360,M,2008
859,Kirby Super Star Ultra,1,Action,Nintendo,1.6,24.95,76,Nintendo DS,M,2008
860,Star Wars: The Force Unleashed,1,Action,,1.59,16.95,73,X360,T,2008
861,God of War: Chains of Olympus,1,Action,Sony,1.54,17.95,91,Sony PSP,T,2008
862,Fallout 3,1,"Action,Role-Playing (RPG)",,1.48,17.95,90,PlayStation 3,M,2008
863,Pure,1,"Racing / Driving,Sports",Disney,1.43,12.95,85,X360,T,2008
864,LEGO Indiana Jones: The Original Adventures,2,Action,,1.42,16.95,78,Nintendo Wii,E,2008
865,Rock Band,2,"Action,Simulation",,1.4,17.95,92,Nintendo Wii,T,2008
866,LEGO Batman: The Videogame,1,"Action,Racing / Driving",,1.39,17.95,72,Nintendo DS,T,2008
867,Saints Row 2,1,"Action,Racing / Driving",THQ,1.39,17.95,81,X360,E,2008
868,LEGO Batman: The Videogame,2,Action,,1.32,17.95,74,Nintendo Wii,E,2008
869,Call of Duty: World at War,2,Action,Activision,1.17,29.95,83,Nintendo Wii,M,2008
870,Midnight Club: Los Angeles,1,Racing / Driving,Rockstar,1.15,22.95,81,X360,E,2008
871,Mortal Kombat vs. DC Universe,2,Action,Midway,1.13,24.95,76,PlayStation 3,E,2008
872,Army of Two,2,Action,EA,1.12,16.95,72,X360,T,2008
873,Resistance 2,2,Action,Sony,1.11,24.95,87,PlayStation 3,E,2008
874,Rock Band 2,1,"Action,Simulation",,1.11,24.95,91,PlayStation 3,E,2008
875,Midnight Club: Los Angeles,1,Racing / Driving,Rockstar,1.09,22.95,82,PlayStation 3,M,2008
876,Sonic Unleashed,1,Action,Sega,1.09,17.95,66,Nintendo Wii,E,2008
877,NBA 2K9 ,1,Sports,2K,1.07,12.95,84,X360,E,2008
878,Guitar Hero: World Tour,4,"Action,Simulation",Activision,1.04,17.95,84,PlayStation 3,E,2008
879,Guitar Hero: Aerosmith,1,"Action,Simulation",Activision,1.03,14.95,73,Nintendo Wii,E,2008
880,Star Wars: The Force Unleashed,2,Action,,1.01,14.95,71,Nintendo Wii,E,2008
881,Burnout Paradise,1,"Action,Racing / Driving",EA,1.01,17.95,87,PlayStation 3,T,2008
882,Pokmon Ranger: Shadows of Almia,1,"Action,Role-Playing (RPG)",Nintendo,0.99,24.95,68,Nintendo DS,T,2008
883,Mortal Kombat vs. DC Universe,2,Action,Midway,0.98,24.95,72,X360,M,2008
884,Dead Space,1,Action,EA,0.96,17.95,88,PlayStation 3,M,2008
885,Shaun White Snowboarding: Road Trip,1,Sports,Ubisoft,0.95,14.95,78,Nintendo Wii,E,2008
886,Star Wars: The Force Unleashed,1,Action,,0.92,17.95,71,PlayStation 3,E,2008
887,Guitar Hero: Aerosmith,2,"Action,Simulation",Activision,0.91,9.95,70,X360,E,2008
888,SOCOM: U.S. Navy SEALs - Confrontation,1,Action,Sony,0.91,16.95,63,PlayStation 3,E,2008
889,SoulCalibur IV,2,Action,Namco,0.87,19.95,85,X360,E,2008
890,Battlefield: Bad Company,1,Action,EA,0.83,16.95,83,X360,E,2008
891,Saints Row 2,1,"Action,Racing / Driving",THQ,0.81,17.95,82,PlayStation 3,M,2008
892,Guitar Hero: On Tour - Decades,1,"Action,Simulation",Activision,0.8,17.95,72,Nintendo DS,T,2008
893,Devil May Cry 4,1,Action,Capcom,0.8,17.95,84,X360,T,2008
894,Mystery Case Files: MillionHeir,1,Adventure,Nintendo,0.76,17.95,65,Nintendo DS,T,2008
895,Battlefield: Bad Company,1,Action,EA,0.76,17.95,84,PlayStation 3,T,2008
896,Army of Two,2,Action,EA,0.75,16.95,74,PlayStation 3,T,2008
897,Rayman Raving Rabbids TV Party,4,"Action,Racing / Driving,Sports,Strategy",Ubisoft,0.74,17.95,73,Nintendo Wii,T,2008
898,The House of the Dead 2 & 3 Return,2,Action,Sega,0.74,17.95,66,Nintendo Wii,M,2008
899,Far Cry 2,1,Action,Ubisoft,0.73,19.95,85,X360,T,2008
900,Boom Blox,4,"Action,Strategy",EA,0.72,24.95,85,Nintendo Wii,T,2008
901,Spore Creatures,1,"Adventure,Simulation",EA,0.7,14.95,65,Nintendo DS,T,2008
902,Madden NFL 09,4,Sports,EA,0.68,14.95,68,Sony PSP,T,2008
903,NCAA Football 09,4,Sports,EA,0.68,14.95,83,X360,T,2008
904,MLB 08: The Show,2,Sports,Sony,0.67,12.95,85,PlayStation 3,E,2008
905,Tom Clancy's Rainbow Six: Vegas 2,2,Action,Ubisoft,0.67,24.95,81,PlayStation 3,E,2008
906,Mercenaries 2: World in Flames,1,Action,EA,0.66,14.95,72,X360,E,2008
907,Need for Speed: Undercover,1,Racing / Driving,EA,0.66,17.95,64,X360,E,2008
908,Guitar Hero: Aerosmith,2,"Action,Simulation",Activision,0.65,14.95,70,PlayStation 3,M,2008
909,SoulCalibur IV,2,Action,"Namco,Ubisoft",0.65,22.95,85,PlayStation 3,E,2008
910,Valkyria Chronicles,1,"Action,Role-Playing (RPG),Strategy",Sega,0.65,24.95,86,PlayStation 3,T,2008
911,Harvest Moon: Tree of Tranquility,1,"Role-Playing (RPG),Simulation",,0.62,34.95,65,Nintendo Wii,M,2008
912,Star Wars: The Clone Wars - Jedi Alliance,1,"Action,Adventure",,0.6,17.95,68,Nintendo DS,T,2008
913,Need for Speed: Undercover,1,Racing / Driving,EA,0.59,17.95,59,PlayStation 3,E,2008
914,Wario Land: Shake It!,1,Action,Nintendo,0.59,19.95,78,Nintendo Wii,T,2008
915,NBA 2K9,7,Sports,2K,0.58,14.95,82,PlayStation 3,E,2008
916,Major League Baseball 2K9,1,Sports,2K,0.58,14.95,64,X360,E,2008
917,NCAA Football 09,4,Sports,EA,0.56,14.95,81,PlayStation 3,E,2008
918,Kung Fu Panda,1,Action,Activision,0.56,17.95,71,Nintendo DS,E,2008
919,Devil May Cry 4,1,Action,Capcom,0.56,19.95,84,PlayStation 3,T,2008
920,Tom Clancy's EndWar,1,Strategy,Ubisoft,0.56,16.95,77,X360,E,2008
921,LEGO Batman: The Videogame,1,Action,,0.54,17.95,73,Sony PSP,M,2008
922,BioShock,1,Action,2K,0.53,17.95,94,PlayStation 3,E,2008
923,Bully: Scholarship Edition,1,"Action,Adventure",Rockstar,0.53,17.95,80,X360,T,2008
924,Prince of Persia,1,Action,Ubisoft,0.53,16.95,81,X360,T,2008
925,Kung Fu Panda,4,Action,Activision,0.52,16.95,70,Nintendo Wii,E,2008
926,Sonic Chronicles: The Dark Brotherhood,1,"Action,Role-Playing (RPG)",Sega,0.52,17.95,74,Nintendo DS,E,2008
927,Chrono Trigger,2,Role-Playing (RPG),SquareEnix,0.51,17.95,92,Nintendo DS,T,2008
928,Tomb Raider: Underworld,1,Action,Eidos,0.51,17.95,76,X360,E,2008
929,skate it,4,"Action,Sports",EA,0.5,39.95,70,Nintendo Wii,T,2008
930,The Legendary Starfy,1,"Action,Adventure",Nintendo,0.5,24.95,75,Nintendo DS,E,2008
931,Mirror's Edge,1,Action,EA,0.5,14.95,79,X360,T,2008
932,Haze,2,Action,Ubisoft,0.49,12.95,55,PlayStation 3,T,2008
933,Dissidia: Final Fantasy,1,"Action,Role-Playing (RPG)",SquareEnix,0.49,17.95,79,Sony PSP,T,2008
934,Sid Meier's Civilization: Revolution,1,Strategy,2K,0.49,24.95,84,X360,T,2008
935,Wall-E,4,Action,THQ,0.48,17.95,51,Nintendo Wii,E,2008
936,Prince of Persia,1,Action,Ubisoft,0.48,17.95,85,PlayStation 3,T,2008
937,NHL 09 ,1,Sports,EA,0.48,14.95,88,X360,E,2008
938,Brothers in Arms: Hell's Highway,1,Action,Ubisoft,0.47,17.95,76,X360,E,2008
939,Shaun White Snowboarding,1,Sports,Ubisoft,0.47,14.95,60,X360,T,2008
940,Turok,1,Action,,0.47,14.95,69,X360,E,2008
941,Iron Man,1,Action,Sega,0.46,16.95,44,Sony PSP,E,2008
942,De Blob,4,Action,THQ,0.45,16.95,82,Nintendo Wii,M,2008
943,Sonic Riders: Zero Gravity,4,Racing / Driving,Sega,0.45,16.95,56,Nintendo Wii,T,2008
944,Rhythm Heaven,1,Action,Nintendo,0.45,24.95,83,Nintendo DS,T,2008
945,Tomb Raider: Underworld,1,Action,Eidos,0.44,17.95,75,PlayStation 3,T,2008
946,Advance Wars: Days of Ruin,4,Strategy,Nintendo,0.43,17.95,86,Nintendo DS,E,2008
947,LEGO Batman: The Videogame,2,Action,,0.43,17.95,75,PlayStation 3,E,2008
948,Far Cry 2,1,Action,Ubisoft,0.43,19.95,85,PlayStation 3,T,2008
949,Harvest Moon: Island of Happiness,1,"Simulation,Strategy",,0.42,24.95,65,Nintendo DS,E,2008
950,Brothers in Arms: Hell's Highway,1,Action,Ubisoft,0.42,19.95,76,PlayStation 3,T,2008
951,Sonic Unleashed,1,"Action,Adventure",Sega,0.42,17.95,54,PlayStation 3,T,2008
952,Pinball Hall of Fame: The Williams Collection,1,Simulation,,0.41,17.95,82,Nintendo Wii,T,2008
953,Sonic Unleashed,1,"Action,Adventure",Sega,0.41,17.95,60,X360,E,2008
954,Samba de Amigo,2,Action,Sega,0.4,12.95,68,Nintendo Wii,T,2008
955,?kami,1,Action,Capcom,0.39,17.95,90,Nintendo Wii,M,2008
956,LEGO Indiana Jones: The Original Adventures,2,Action,,0.38,17.95,77,PlayStation 3,E,2008
957,MotorStorm: Pacific Rift,4,"Action,Racing / Driving,Sports",Sony,0.37,29.95,82,PlayStation 3,T,2008
958,Tiger Woods PGA Tour 09,4,Sports,EA,0.37,19.95,84,X360,E,2008
959,SimCity Creator,1,Simulation,EA,0.37,24.95,67,Nintendo Wii,E,2008
960,Tiger Woods PGA Tour 09,4,Sports,EA,0.36,19.95,82,PlayStation 3,E,2008
961,Sid Meier's Civilization: Revolution,1,"Simulation,Strategy",2K,0.36,17.95,80,Nintendo DS,M,2008
962,Pure,1,"Racing / Driving,Sports",Disney,0.36,17.95,83,PlayStation 3,M,2008
963,Turok,1,Action,,0.36,16.95,67,PlayStation 3,M,2008
964,Crash: Mind over Mutant,1,Action,,0.36,17.95,70,Nintendo Wii,E,2008
965,Spider-Man: Web of Shadows,1,Action,Activision,0.36,19.95,68,X360,E,2008
966,Frontlines: Fuel of War,1,Action,THQ,0.35,14.95,75,X360,M,2008
967,GRID,1,"Racing / Driving,Simulation,Sports",,0.35,19.95,87,X360,E,2008
968,Too Human,1,"Action,Role-Playing (RPG)",Microsoft,0.35,14.95,65,X360,T,2008
969,Speed Racer: The Videogame,2,Racing / Driving,,0.34,16.95,69,Nintendo Wii,M,2008
970,LEGO Indiana Jones: The Original Adventures,1,Action,,0.34,17.95,76,Sony PSP,E,2008
971,SEGA Bass Fishing,1,Sports,Sega,0.34,17.95,59,Nintendo Wii,E,2008
972,The Chronicles of Narnia: Prince Caspian,2,"Action,Role-Playing (RPG)",Disney,0.33,16.95,63,Nintendo Wii,M,2008
973,Iron Man,1,Action,Sega,0.33,14.95,56,Nintendo DS,M,2008
974,The Sims 2: Apartment Pets,1,Simulation,EA,0.33,17.95,50,Nintendo DS,M,2008
975,MLB 08: The Show,1,Sports,Sony,0.33,14.95,83,Sony PSP,M,2008
976,Iron Man,1,Action,Sega,0.33,17.95,42,PlayStation 3,T,2008
977,Madagascar: Escape 2 Africa,1,"Action,Adventure",Activision,0.32,17.95,55,Nintendo DS,T,2008
978,GRID,1,"Racing / Driving,Simulation,Sports",,0.31,24.95,87,PlayStation 3,T,2008
979,NHL 09,1,Sports,EA,0.31,19.95,88,PlayStation 3,M,2008
980,Banjo-Kazooie: Nuts & Bolts,1,"Action,Adventure,Racing / Driving,Sports",Microsoft,0.31,17.95,79,X360,E,2008
981,Hot Shots Golf: Out of Bounds,4,Sports,Sony,0.3,34.95,81,PlayStation 3,T,2008
982,Rune Factory 2: A Fantasy Harvest Moon,1,"Action,Role-Playing (RPG),Simulation",,0.3,17.95,79,Nintendo DS,T,2008
983,SimCity Creator,1,Simulation,EA,0.3,17.95,69,Nintendo DS,M,2008
984,Patapon,1,"Action,Strategy",Sony,0.3,17.95,86,Sony PSP,T,2008
985,Shaun White Snowboarding,1,Sports,Ubisoft,0.3,15.95,63,PlayStation 3,T,2008
986,Iron Man,1,Action,Sega,0.3,17.95,44,Nintendo Wii,T,2008
987,Sega Superstars Tennis,1,Sports,Sega,0.29,14.95,65,Nintendo DS,T,2008
988,Lost Planet: Extreme Condition,1,Action,Capcom,0.29,16.95,67,PlayStation 3,T,2008
989,Mirror's Edge,1,Action,EA,0.29,14.95,79,PlayStation 3,T,2008
990,The Incredible Hulk,1,Action,Sega,0.29,16.95,46,Nintendo Wii,T,2008
991,Condemned 2: Bloodshot,1,"Action,Adventure",Sega,0.29,14.95,80,X360,T,2008
992,Sega Superstars Tennis,4,Sports,Sega,0.28,12.95,71,Nintendo Wii,E,2008
993,Speed Racer: The Videogame,1,Racing / Driving,,0.28,17.95,75,Nintendo DS,M,2008
994,Viva Pi$?ata: Pocket Paradise,1,"Simulation,Strategy",THQ,0.28,17.95,82,Nintendo DS,T,2008
995,Tom Clancy's EndWar,1,Strategy,Ubisoft,0.28,17.95,76,PlayStation 3,M,2008
996,Iron Man,1,Action,Sega,0.28,17.95,45,X360,M,2008
997,Need for Speed: Undercover,4,Racing / Driving,EA,0.27,27.95,54,Nintendo Wii,E,2008
998,Wall-E,4,Action,THQ,0.27,14.95,50,X360,E,2008
999,Spectrobes: Beyond the Portals,1,"Action,Role-Playing (RPG)",Disney,0.27,11.95,70,Nintendo DS,M,2008
1000,MX vs. ATV Untamed,1,Educational,Ubisoft,0.27,16.95,59,Sony PSP,T,2008
1001,Mercenaries 2: World in Flames,1,Action,EA,0.27,15.95,72,PlayStation 3,E,2008
1002,Infinite Undiscovery,1,"Action,Role-Playing (RPG)",SquareEnix,0.27,17.95,68,X360,T,2008
1003,TNA iMPACT!,4,Sports,Midway,0.26,14.95,62,X360,M,2008
1004,Enemy Territory: Quake Wars,1,Action,Activision,0.26,14.95,69,X360,T,2008
1005,Fire Emblem: Shadow Dragon,1,"Role-Playing (RPG),Strategy",Nintendo,0.25,19.95,81,Nintendo DS,M,2008
1006,Neopets Puzzle Adventure,1,"Adventure,Role-Playing (RPG),Strategy",Capcom,0.25,17.95,70,Nintendo DS,T,2008
1007,Tales of Vesperia,1,"Adventure,Role-Playing (RPG)",Namco,0.25,27.95,79,X360,M,2008
1008,SingStar ABBA,8,Action,Sony,0.24,17.95,70,PlayStation 3,T,2008
1009,Dragon Ball Z: Burst Limit,2,Action,"Atari,Namco",0.24,17.95,72,X360,E,2008
1010,Apollo Justice: Ace Attorney,1,"Adventure,Simulation",Capcom,0.24,24.95,78,Nintendo DS,T,2008
1011,Castlevania: Order of Ecclesia,1,"Action,Adventure,Role-Playing (RPG)",Konami,0.24,24.95,85,Nintendo DS,T,2008
1012,Mega Man Star Force 2: Zerker X Ninja,1,"Action,Role-Playing (RPG)",Capcom,0.24,17.95,55,Nintendo DS,T,2008
1013,Enemy Territory: Quake Wars,1,Action,Activision,0.24,16.95,60,PlayStation 3,T,2008
1014,Namco Museum: Virtual Arcade,1,"Action,Racing / Driving",Namco,0.24,17.95,63,X360,T,2008
1015,NASCAR 09,1,"Racing / Driving,Sports",EA,0.24,19.95,69,X360,T,2008
1016,Turning Point: Fall of Liberty,1,Action,,0.24,7.95,43,X360,M,2008
1017,Summer Athletics 2009,4,Sports,,0.23,19.95,56,Nintendo Wii,M,2008
1018,Unreal Tournament III,2,Action,Midway,0.23,14.95,82,X360,M,2008
1019,Shaun White Snowboarding,1,"Racing / Driving,Sports",Ubisoft,0.23,16.95,63,Nintendo DS,T,2008
1020,Dark Sector,1,Action,,0.23,14.95,72,PlayStation 3,T,2008
1021,The Last Remnant,1,Role-Playing (RPG),SquareEnix,0.23,14.95,66,X360,T,2008
1022,Dragon Ball Z: Burst Limit,2,Action,"Atari,Namco",0.22,19.95,71,PlayStation 3,M,2008
1023,NASCAR 09,1,"Racing / Driving,Sports",EA,0.22,22.95,65,PlayStation 3,E,2008
1024,Turning Point: Fall of Liberty,1,Action,,0.22,7.95,42,PlayStation 3,T,2008
1025,MX vs. ATV Untamed,1,Racing / Driving,THQ,0.22,24.95,70,Nintendo Wii,E,2008
1026,Crash: Mind over Mutant,1,Action,,0.22,24.95,60,X360,M,2008
1027,The Incredible Hulk,1,Action,Sega,0.22,17.95,55,X360,E,2008
1028,Silent Hill: Homecoming,1,Action,Konami,0.22,17.95,70,X360,T,2008
1029,TNA iMPACT!,4,Sports,Midway,0.21,12.95,64,PlayStation 3,M,2008
1030,The Incredible Hulk,1,Action,Sega,0.21,16.95,55,PlayStation 3,T,2008
1031,Kung Fu Panda,1,Action,Activision,0.21,19.95,76,PlayStation 3,M,2008
1032,Dark Sector,1,Action,,0.21,13.95,72,X360,M,2008
1033,Tales of Symphonia: Dawn of the New World,4,Role-Playing (RPG),Namco,0.2,24.95,68,Nintendo Wii,T,2008
1034,Valkyrie Profile: Covenant of the Plume,1,"Role-Playing (RPG),Strategy",SquareEnix,0.2,24.95,74,Nintendo DS,M,2008
1035,Spider-Man: Web of Shadows,1,Action,Activision,0.2,24.95,67,PlayStation 3,E,2008
1036,TV Show King,4,Strategy,,0.19,17.95,65,Nintendo Wii,T,2008
1037,AC/DC Live: Rock Band - Track Pack,4,"Action,Simulation",,0.19,14.95,63,X360,M,2008
1038,The Chronicles of Narnia: Prince Caspian,1,Role-Playing (RPG),Disney,0.19,10.95,54,Nintendo DS,M,2008
1039,Hot Shots Golf: Open Tee 2,1,Sports,Sony,0.19,14.95,82,Sony PSP,E,2008
1040,AC/DC Live: Rock Band - Track Pack,1,"Action,Simulation",,0.19,14.95,60,PlayStation 3,E,2008
1041,Harvest Moon: Magical Melody,4,"Role-Playing (RPG),Simulation",,0.18,23.95,69,Nintendo Wii,T,2008
1042,Dynasty Warriors 6,2,"Action,Strategy",,0.18,24.95,59,PlayStation 3,M,2008
1043,Order Up!,1,"Action,Simulation",,0.18,17.95,76,Nintendo Wii,T,2008
1044,NBA Ballers: Chosen One,4,Sports,Midway,0.17,9.95,55,X360,T,2008
1045,Age of Empires: Mythologies,1,Strategy,THQ,0.17,17.95,78,Nintendo DS,T,2008
1046,LocoRoco 2,1,"Action,Strategy",Sony,0.17,11.95,85,Sony PSP,M,2008
1047,Star Ocean: First Departure,1,"Action,Role-Playing (RPG)",SquareEnix,0.17,17.95,74,Sony PSP,T,2008
1048,Lost: Via Domus,1,"Action,Adventure",Ubisoft,0.17,16.95,54,PlayStation 3,T,2008
1049,Tetris Party,4,Strategy,,0.16,24.95,75,Nintendo Wii,T,2008
1050,Bully: Scholarship Edition,2,"Action,Adventure",Rockstar,0.16,17.95,83,Nintendo Wii,E,2008
1051,The Spiderwick Chronicles,2,"Action,Adventure",,0.16,16.95,62,Nintendo Wii,M,2008
1052,Dynasty Warriors 6,2,"Action,Strategy",,0.16,24.95,60,X360,M,2008
1053,Facebreaker,2,Sports,EA,0.16,12.95,54,X360,M,2008
1054,Ninja Gaiden: Dragon Sword,1,Action,,0.16,12.95,83,Nintendo DS,E,2008
1055,Condemned 2: Bloodshot,1,"Action,Adventure",Sega,0.16,14.95,82,PlayStation 3,T,2008
1056,Silent Hill: Homecoming,1,Action,Konami,0.16,17.95,71,PlayStation 3,E,2008
1057,Command & Conquer: Red Alert 3,1,Strategy,EA,0.16,14.95,77,X360,T,2008
1058,Viking: Battle for Asgard,1,Action,Sega,0.16,14.95,68,X360,M,2008
1059,Beijing 2008,4,Sports,Sega,0.15,14.95,60,X360,T,2008
1060,Don King Presents: Prizefighter,2,Sports,2K,0.15,14.95,56,X360,M,2008
1061,Bomberman,1,"Action,Strategy",,0.15,12.95,73,Sony PSP,M,2008
1062,Ferrari Challenge Trofeo Pirelli,1,Racing / Driving,,0.15,17.95,71,PlayStation 3,E,2008
1063,Command & Conquer 3: Kane's Wrath,1,Strategy,EA,0.15,17.95,75,X360,M,2008
1064,Lost: Via Domus,1,"Action,Adventure",Ubisoft,0.15,17.95,55,X360,M,2008
1065,NHL 2K9 ,1,Sports,2K,0.15,14.95,69,X360,T,2008
1066,Eternal Sonata,2,Role-Playing (RPG),Namco,0.14,24.95,80,PlayStation 3,M,2008
1067,Viva Pi$?ata: Trouble in Paradise,2,"Racing / Driving,Simulation,Strategy",Microsoft,0.14,17.95,82,X360,T,2008
1068,FlatOut: Head On,1,"Racing / Driving,Sports",,0.14,9.95,74,Sony PSP,E,2008
1069,Viking: Battle for Asgard,1,Action,Sega,0.14,16.95,65,PlayStation 3,M,2008
1070,Neopets Puzzle Adventure,1,"Role-Playing (RPG),Strategy",Capcom,0.14,14.95,52,Nintendo Wii,E,2008
1071,TNA iMPACT!,1,Sports,Midway,0.14,14.95,43,Nintendo Wii,E,2008
1072,Tomb Raider: Underworld,1,Action,Eidos,0.14,17.95,70,Nintendo Wii,T,2008
1073,The Club,4,Action,Sega,0.13,14.95,76,X360,T,2008
1074,The Chronicles of Narnia: Prince Caspian,2,"Action,Role-Playing (RPG)",Disney,0.13,14.95,56,X360,M,2008
1075,Cabela's Dangerous Hunts 2009,1,Sports,Activision,0.13,19.95,42,X360,M,2008
1076,Dark Messiah of Might and Magic: Elements,1,"Action,Role-Playing (RPG)",Ubisoft,0.13,17.95,52,X360,T,2008
1077,Fracture,1,Action,,0.13,14.95,63,X360,T,2008
1078,Bomberman Land,4,Action,,0.12,19.95,57,Nintendo Wii,T,2008
1079,Nitrobike,4,"Action,Racing / Driving,Sports",Ubisoft,0.12,14.95,49,Nintendo Wii,E,2008
1080,Culdcept Saga,4,Strategy,Namco,0.12,17.95,75,X360,T,2008
1081,Facebreaker,2,Sports,,0.12,14.95,53,PlayStation 3,E,2008
1082,MLB Power Pros 2008,2,Sports,2K,0.12,22.95,83,Nintendo Wii,E,2008
1083,Mushroom Men: The Spore Wars,2,Action,,0.12,17.95,72,Nintendo Wii,E,2008
1084,Dragon Quest V: Hand of the Heavenly Bride,1,Role-Playing (RPG),SquareEnix,0.12,29.95,84,Nintendo DS,T,2008
1085,Ninjatown,1,Strategy,,0.12,19.95,80,Nintendo DS,T,2008
1086,Super Dodgeball Brawlers,1,"Action,Sports",,0.12,19.95,65,Nintendo DS,T,2008
1087,Dokapon Kingdom,1,"Role-Playing (RPG),Strategy",,0.12,17.95,72,Nintendo Wii,M,2008
1088,Alone in the Dark,1,"Action,Adventure,Racing / Driving",Atari,0.12,14.95,58,X360,M,2008
1089,NBA 09: The Inside,4,Sports,Sony,0.11,14.95,63,PlayStation 3,M,2008
1090,Sega Superstars Tennis,4,Sports,Sega,0.11,16.95,67,PlayStation 3,M,2008
1091,Baja: Edge of Control,4,"Racing / Driving,Simulation,Sports",THQ,0.11,16.95,65,X360,T,2008
1092,Destroy All Humans! Big Willy Unleashed,2,Adventure,THQ,0.11,17.95,53,Nintendo Wii,T,2008
1093,Space Invaders Extreme,1,Action,SquareEnix,0.11,16.95,85,Nintendo DS,T,2008
1094,Ultimate Band,1,"Action,Simulation",Disney,0.11,14.95,69,Nintendo DS,E,2008
1095,The Club,4,Action,Sega,0.1,14.95,72,PlayStation 3,M,2008
1096,Madagascar: Escape 2 Africa,4,Action,Activision,0.1,24.95,58,PlayStation 3,M,2008
1097,NBA Ballers: Chosen One,4,Sports,Midway,0.1,14.95,54,PlayStation 3,M,2008
1098,Dream Pinball 3D,4,Simulation,,0.1,16.95,54,Nintendo Wii,M,2008
1099,Madagascar: Escape 2 Africa,4,Action,Activision,0.1,19.95,62,X360,T,2008
1100,Pro Evolution Soccer 2008,2,Sports,Konami,0.1,17.95,83,Nintendo Wii,T,2008
1101,Avalon Code,1,"Action,Adventure,Role-Playing (RPG)",,0.1,27.95,71,Nintendo DS,M,2008
1102,Disgaea DS,1,"Role-Playing (RPG),Strategy",,0.1,24.95,82,Nintendo DS,M,2008
1103,Guitar Rock Tour,1,Simulation,,0.1,13.95,60,Nintendo DS,T,2008
1104,Lost in Blue 3,1,Role-Playing (RPG),Konami,0.1,17.95,59,Nintendo DS,M,2008
1105,Syberia,1,Adventure,,0.1,23.95,52,Nintendo DS,T,2008
1106,Afrika,1,"Adventure,Simulation",Sony,0.1,47.95,63,PlayStation 3,T,2008
1107,NFL Head Coach 09,1,"Simulation,Sports,Strategy",EA,0.1,14.95,64,PlayStation 3,T,2008
1108,NHL 2K9,1,Sports,2K,0.1,14.95,70,PlayStation 3,T,2008
1109,Brothers in Arms: Double Time,1,"Action,Strategy",Ubisoft,0.1,17.95,45,Nintendo Wii,E,2008
1110,ObsCure: The Aftermath,1,Action,,0.1,16.95,53,Nintendo Wii,T,2008
1111,MotoGP 08,1,"Racing / Driving,Simulation,Sports",,0.1,16.95,68,X360,T,2008
1112,NFL Head Coach 09,1,"Simulation,Sports,Strategy",EA,0.1,12.95,67,X360,E,2008
1113,NFL Tour,1,"Action,Sports",EA,0.1,12.95,49,X360,M,2008
1114,Pinball Hall of Fame: The Williams Collection,4,Simulation,,0.09,17.95,78,Sony PSP,T,2008
1115,Baja: Edge of Control,4,"Racing / Driving,Simulation,Sports",THQ,0.09,17.95,61,PlayStation 3,M,2008
1116,NFL Tour,4,"Action,Sports",EA,0.09,14.95,45,PlayStation 3,E,2008
1117,Wall-E,4,Action,THQ,0.09,17.95,51,PlayStation 3,M,2008
1118,Ninja Reflex,4,Action,EA,0.09,14.95,49,Nintendo Wii,E,2008
1119,Conflict: Denied Ops,4,Action,Eidos,0.09,12.95,52,X360,T,2008
1120,Top Spin 3,4,Sports,2K,0.09,19.95,78,X360,T,2008
1121,Blitz: The League II,2,"Action,Sports",Midway,0.09,14.95,62,PlayStation 3,M,2008
1122,Hellboy: The Science of Evil,2,"Action,Adventure",Konami,0.09,16.95,47,PlayStation 3,T,2008
1123,Castlevania Judgment,2,Action,Konami,0.09,17.95,49,Nintendo Wii,T,2008
1124,Death Jr. II: Root of Evil,2,Action,Eidos,0.09,17.95,71,Nintendo Wii,E,2008
1125,Raiden IV,2,Action,,0.09,32.95,63,X360,T,2008
1126,Metal Slug 7,1,Action,,0.09,17.95,70,Nintendo DS,M,2008
1127,Spider-Man: Web of Shadows,1,Action,Activision,0.09,15.95,77,Nintendo DS,E,2008
1128,Trauma Center: Under The Knife 2,1,"Action,Simulation",,0.09,19.95,79,Nintendo DS,T,2008
1129,Fracture,1,Action,,0.09,14.95,62,PlayStation 3,M,2008
1130,Alone in the Dark,1,"Action,Adventure,Racing / Driving",Atari,0.09,14.95,39,Nintendo Wii,T,2008
1131,Final Fantasy Fables: Chocobo's Dungeon,1,"Action,Role-Playing (RPG)",SquareEnix,0.09,17.95,76,Nintendo Wii,M,2008
1132,The King of Fighters Collection: The Orochi Saga,1,Action,,0.09,17.95,70,Nintendo Wii,E,2008
1133,Klonoa: Door to Phantomile,1,Action,Namco,0.09,17.95,77,Nintendo Wii,T,2008
1134,Samurai Warriors: Katana,1,Action,,0.09,17.95,53,Nintendo Wii,E,2008
1135,Battle of the Bands,2,"Action,Simulation",THQ,0.08,14.95,58,Nintendo Wii,T,2008
1136,Hellboy: The Science of Evil,2,"Action,Adventure",Konami,0.08,14.95,44,X360,M,2008
1137,Dragon Ball: Origins,1,"Action,Adventure",Atari,0.08,15.95,78,Nintendo DS,M,2008
1138,Ninja Reflex,1,Action,EA,0.08,12.95,54,Nintendo DS,T,2008
1139,Space Bust-A-Move,1,Strategy,SquareEnix,0.08,17.95,71,Nintendo DS,M,2008
1140,Top Spin 3,1,Sports,2K,0.08,24.95,75,PlayStation 3,M,2008
1141,UEFA Euro 2008,7,Sports,EA,0.07,17.95,79,PlayStation 3,T,2008
1142,"Blast Works: Build, Trade, Destroy",4,Action,,0.07,14.95,78,Nintendo Wii,T,2008
1143,FIFA Street 3,4,Sports,EA,0.07,14.95,63,X360,T,2008
1144,Blitz: The League II,2,"Action,Sports",Midway,0.07,12.95,68,X360,M,2008
1145,Space Chimps,2,"Action,Adventure",,0.07,14.95,57,X360,T,2008
1146,The Spiderwick Chronicles,2,"Action,Adventure",,0.07,14.95,59,X360,E,2008
1147,Etrian Odyssey II: Heroes of Lagaard,1,Role-Playing (RPG),,0.07,24.95,82,Nintendo DS,T,2008
1148,Line Rider 2: Unbound,1,"Simulation,Sports",,0.07,8.95,59,Nintendo DS,M,2008
1149,The King of Fighters Collection: The Orochi Saga,1,Action,,0.07,17.95,61,Sony PSP,E,2008
1150,Target: Terror,1,Action,Konami,0.07,17.95,33,Nintendo Wii,M,2008
1151,Legendary,1,Action,Atari,0.07,17.95,47,X360,T,2008
1152,Universe at War: Earth Assault,1,"Action,Strategy",Sega,0.07,14.95,66,X360,T,2008
1153,Smash Court Tennis 3,4,"Simulation,Sports",Atari,0.06,14.95,55,X360,E,2008
1154,Code Lyoko: Fall of X.A.N.A,1,"Action,Role-Playing (RPG)",,0.06,14.95,51,Nintendo DS,M,2008
1155,Knights in the Nightmare,1,"Role-Playing (RPG),Strategy",,0.06,29.95,76,Nintendo DS,M,2008
1156,Lock's Quest,1,"Action,Adventure,Strategy",THQ,0.06,14.95,80,Nintendo DS,E,2008
1157,Master of the Monster Lair,1,Role-Playing (RPG),,0.06,14.95,63,Nintendo DS,M,2008
1158,N+,1,Action,Atari,0.06,14.95,82,Nintendo DS,M,2008
1159,Pipe Mania,1,Strategy,,0.06,14.95,71,Nintendo DS,T,2008
1160,The Spiderwick Chronicles,1,Role-Playing (RPG),,0.06,12.95,60,Nintendo DS,E,2008
1161,Summon Night: Twin Age,1,Role-Playing (RPG),,0.06,24.95,73,Nintendo DS,E,2008
1162,Wild Arms XF,1,Role-Playing (RPG),,0.06,17.95,64,Sony PSP,M,2008
1163,FIFA Street 3,1,Sports,EA,0.06,17.95,63,PlayStation 3,T,2008
1164,MotoGP 08,1,"Racing / Driving,Simulation,Sports",,0.06,17.95,65,PlayStation 3,T,2008
1165,Harvey Birdman: Attorney at Law,1,Adventure,Capcom,0.06,14.95,60,Nintendo Wii,M,2008
1166,Let's Tap,1,Simulation,Sega,0.06,17.95,70,Nintendo Wii,E,2008
1167,NHL 2K9,1,Sports,2K,0.06,14.95,65,Nintendo Wii,T,2008
1168,Conflict: Denied Ops,4,Action,Eidos,0.05,17.95,51,PlayStation 3,E,2008
1169,Worms: A Space Oddity,4,"Action,Strategy",THQ,0.05,17.95,64,Nintendo Wii,M,2008
1170,UEFA Euro 2008,4,Sports,EA,0.05,14.95,80,X360,M,2008
1171,Overlord: Raising Hell,2,"Action,Strategy",,0.05,17.95,72,PlayStation 3,T,2008
1172,Battle Fantasia,2,"Action,Role-Playing (RPG)",,0.05,22.95,71,X360,M,2008
1173,Bangai-O Spirits,1,Action,,0.05,14.95,83,Nintendo DS,M,2008
1174,Dungeon Explorer: Warriors of Ancient Arts,1,"Action,Role-Playing (RPG)",,0.05,17.95,60,Nintendo DS,M,2008
1175,From the Abyss,1,"Action,Role-Playing (RPG)",,0.05,19.95,60,Nintendo DS,T,2008
1176,New International Track & Field,1,"Action,Sports",Konami,0.05,14.95,73,Nintendo DS,M,2008
1177,Soul Bubbles,1,Strategy,Eidos,0.05,14.95,78,Nintendo DS,T,2008
1178,Tropix!,1,Action,,0.05,23.95,59,Nintendo DS,M,2008
1179,Unsolved Crimes,1,"Action,Adventure,Racing / Driving",,0.05,17.95,66,Nintendo DS,T,2008
1180,Zubo,1,"Adventure,Role-Playing (RPG),Strategy",EA,0.05,14.95,75,Nintendo DS,E,2008
1181,Ford Racing Off Road,1,Racing / Driving,,0.05,12.95,47,Sony PSP,M,2008
1182,Harvey Birdman: Attorney at Law,1,Adventure,Capcom,0.05,14.95,62,Sony PSP,M,2008
1183,Secret Agent Clank,1,Action,Sony,0.05,23.95,72,Sony PSP,M,2008
1184,Space Invaders Extreme,1,Action,SquareEnix,0.05,16.95,84,Sony PSP,M,2008
1185,Armored Core: For Answer,1,Action,Ubisoft,0.05,29.95,62,PlayStation 3,M,2008
1186,Legendary,1,Action,Atari,0.05,19.95,50,PlayStation 3,E,2008
1187,Agatha Christie: Evil Under the Sun,1,Adventure,,0.05,17.95,46,Nintendo Wii,M,2008
1188,Agatha Christie: And Then There Were None,1,Adventure,,0.05,17.95,50,Nintendo Wii,M,2008
1189,Armored Core: For Answer,1,Action,Ubisoft,0.05,24.95,64,X360,T,2008
1190,Cradle of Rome,1,Strategy,,0.04,17.95,63,Nintendo DS,E,2008
1191,The Dark Spire,1,"Adventure,Role-Playing (RPG)",,0.04,24.95,69,Nintendo DS,T,2008
1192,"Flower, Sun and Rain",1,Adventure,,0.04,23.95,54,Nintendo DS,M,2008
1193,Insecticide,1,"Action,Adventure",,0.04,12.95,55,Nintendo DS,T,2008
1194,Izuna 2: The Unemployed Ninja Returns,1,Role-Playing (RPG),,0.04,17.95,65,Nintendo DS,E,2008
1195,Looney Tunes: Cartoon Conductor,1,Action,Eidos,0.04,13.95,67,Nintendo DS,M,2008
1196,Nanostray 2,1,Action,,0.04,12.95,75,Nintendo DS,M,2008
1197,Hellboy: The Science of Evil,1,Action,Konami,0.04,14.95,42,Sony PSP,E,2008
1198,Pipe Mania,1,Strategy,,0.04,12.95,74,Sony PSP,T,2008
1199,UEFA Euro 2008,1,Sports,EA,0.04,19.95,68,Sony PSP,E,2008
1200,Vampire Rain,1,Action,,0.04,24.95,30,PlayStation 3,E,2008
1201,Baroque,1,"Action,Role-Playing (RPG)",,0.04,19.95,50,Nintendo Wii,T,2008
1202,Supreme Commander,1,Strategy,,0.04,17.95,56,X360,T,2008
1203,Hail to the Chimp,4,"Action,Strategy",,0.03,16.95,52,X360,M,2008
1204,Assassin's Creed: Altar's Chronicles,1,Action,Ubisoft,0.03,11.95,58,Nintendo DS,T,2008
1205,The Legend of Kage 2,1,Action,SquareEnix,0.03,14.95,70,Nintendo DS,E,2008
1206,Rhapsody: A Musical Adventure,1,Role-Playing (RPG),,0.03,12.95,67,Nintendo DS,M,2008
1207,Secret Files: Tunguska,1,Adventure,,0.03,17.95,71,Nintendo DS,M,2008
1208,Fading Shadows,1,"Action,Adventure",,0.03,17.95,62,Sony PSP,E,2008
1209,Hail to the Chimp,1,"Action,Strategy",,0.03,15.95,51,PlayStation 3,M,2008
1210,Secret Files: Tunguska,2,Adventure,,0.02,17.95,64,Nintendo Wii,M,2008
1211,Chicken Hunter,1,Action,,0.02,17.95,39,Nintendo DS,T,2008
